{
  "title":"Lecture 24: Markov Matrices; Fourier Series ",
  "description": "",
  "file": null,
  "learning_resource_types": [],
  "resource_type": "Video",
  "file_type": null,
  "youtube_key":  "lGGDIGizcQ0",
  "captions_file": "/courses/18-06sc-linear-algebra-fall-2011/dd72d7f78da15401b904eb697b4cf274_lGGDIGizcQ0.vtt",
  "transcript_file": "/courses/18-06sc-linear-algebra-fall-2011/6909acdb679901099918889d01b7d66d_lGGDIGizcQ0.pdf",
  "thumbnail_file": "https://img.youtube.com/vi/lGGDIGizcQ0/default.jpg",
  "archive_url": "http://www.archive.org/download/MIT18.06S05_MP4/24.mp4"}
