{
  "title":"Solving Ax = b: Row Reduced Form R",
  "description": "",
  "file": null,
  "learning_resource_types": [],
  "resource_type": "Video",
  "file_type": null,
  "youtube_key":  "9Q1q7s1jTzU",
  "captions_file": "/courses/18-06sc-linear-algebra-fall-2011/4f4e1b5d29ad5ee29376979e5161c2e4_9Q1q7s1jTzU.vtt",
  "transcript_file": "/courses/18-06sc-linear-algebra-fall-2011/4d4534a6e0c47248fd6f2d2683e85716_9Q1q7s1jTzU.pdf",
  "thumbnail_file": "https://img.youtube.com/vi/9Q1q7s1jTzU/default.jpg",
  "archive_url": "http://www.archive.org/download/MIT18.06S05_MP4/08.mp4"}
