{
  "title":"Problem Solving: Change of Basis",
  "description": "",
  "file": null,
  "learning_resource_types": [],
  "resource_type": "Video",
  "file_type": null,
  "youtube_key":  "rMv2rDiOTsI",
  "captions_file": "/courses/18-06sc-linear-algebra-fall-2011/7b1cc3a429675f14a15b696abe12bd57_rMv2rDiOTsI.vtt",
  "transcript_file": "/courses/18-06sc-linear-algebra-fall-2011/69b441b154a30aeebf1fc42fff8001ce_rMv2rDiOTsI.pdf",
  "thumbnail_file": "https://img.youtube.com/vi/rMv2rDiOTsI/default.jpg",
  "archive_url": "http://www.archive.org/download/MIT18.06SCF11/MIT18_06SC_110714_M1_300k.mp4"}
