{
  "title":"An Overview of Key Ideas",
  "description": "",
  "file": null,
  "learning_resource_types": [],
  "resource_type": "Video",
  "file_type": null,
  "youtube_key":  "OZxzHcW663g",
  "captions_file": "/courses/18-06sc-linear-algebra-fall-2011/7ad65525e6765c619cfa303fc24cab3d_OZxzHcW663g.vtt",
  "transcript_file": "/courses/18-06sc-linear-algebra-fall-2011/0013a5b9019fc1d7da3b303c4d395b83_OZxzHcW663g.pdf",
  "thumbnail_file": "https://img.youtube.com/vi/OZxzHcW663g/default.jpg",
  "archive_url": "http://www.archive.org/download/MIT18.06SCF11/MIT18_06SC_110711_M3_300k.mp4"}
