{
  "title":"Problem Solving: Positive Definite Matrices and Minima",
  "description": "",
  "file": null,
  "learning_resource_types": [],
  "resource_type": "Video",
  "file_type": null,
  "youtube_key":  "cfn2ZUuWPd0",
  "captions_file": "/courses/18-06sc-linear-algebra-fall-2011/3248a6ec55dd545c9ea273832cb409dc_cfn2ZUuWPd0.vtt",
  "transcript_file": "/courses/18-06sc-linear-algebra-fall-2011/7c7219cb65176015a7442048e3de3a75_cfn2ZUuWPd0.pdf",
  "thumbnail_file": "https://img.youtube.com/vi/cfn2ZUuWPd0/default.jpg",
  "archive_url": "http://www.archive.org/download/MIT18.06SCF11/MIT18_06SC_110714_M2_300k.mp4"}
