{
  "title":"Lecture 17: Orthogonal Matrices and Gram-Schmidt",
  "description": "",
  "file": null,
  "learning_resource_types": [],
  "resource_type": "Video",
  "file_type": null,
  "youtube_key":  "0MtwqhIwdrI",
  "captions_file": "/courses/18-06sc-linear-algebra-fall-2011/aa3976f167535981a7476f96c5828c40_0MtwqhIwdrI.vtt",
  "transcript_file": "/courses/18-06sc-linear-algebra-fall-2011/356f454e5c0db220bad1383cd1c54c66_0MtwqhIwdrI.pdf",
  "thumbnail_file": "https://img.youtube.com/vi/0MtwqhIwdrI/default.jpg",
  "archive_url": "http://www.archive.org/download/MIT18.06S05_MP4/17.mp4"}
