{
  "title":"Solving Ax = b: Row Reduced Form R",
  "description": "",
  "file": null,
  "learning_resource_types": [],
  "resource_type": "Video",
  "file_type": null,
  "youtube_key":  "9Q1q7s1jTzU",
  "captions_file": "/courses/18-06sc-linear-algebra-fall-2011/ce4a1a46dba6506f9b78de35e746ba62_9Q1q7s1jTzU.vtt",
  "transcript_file": "/courses/18-06sc-linear-algebra-fall-2011/6a682e0506398c57dc7d2fa81a36fb01_9Q1q7s1jTzU.pdf",
  "thumbnail_file": "https://img.youtube.com/vi/9Q1q7s1jTzU/default.jpg",
  "archive_url": "http://www.archive.org/download/MIT18.06S05_MP4/08.mp4"}
