{
  "title":"Lecture 33: Left and Right Inverses; Pseudoinverse",
  "description": "",
  "file": null,
  "learning_resource_types": [],
  "resource_type": "Video",
  "file_type": null,
  "youtube_key":  "Go2aLo7ZOlU",
  "captions_file": "/courses/18-06sc-linear-algebra-fall-2011/39bf3ee1ebc55446b117cea29e8f9e9f_Go2aLo7ZOlU.vtt",
  "transcript_file": "/courses/18-06sc-linear-algebra-fall-2011/ef47fdd70952bd981a883c20138e03c4_Go2aLo7ZOlU.pdf",
  "thumbnail_file": "https://img.youtube.com/vi/Go2aLo7ZOlU/default.jpg",
  "archive_url": "http://www.archive.org/download/MIT18.06S05_MP4/33.mp4"}
