{
  "title":"Exam 3 Problem Solving",
  "description": "",
  "file": null,
  "learning_resource_types": [],
  "resource_type": "Video",
  "file_type": null,
  "youtube_key":  "OsHY7ycgbaE",
  "captions_file": "/courses/18-06sc-linear-algebra-fall-2011/bb0bb32a8bfa5e6a9d6d53331a846cad_OsHY7ycgbaE.vtt",
  "transcript_file": "/courses/18-06sc-linear-algebra-fall-2011/75b06674c5c0542b51d73280140fbce0_OsHY7ycgbaE.pdf",
  "thumbnail_file": "https://img.youtube.com/vi/OsHY7ycgbaE/default.jpg",
  "archive_url": "http://www.archive.org/download/MIT18.06SCF11/MIT18_06SC_110714_D2_300k.mp4"}
