{
  "title":"Problem Solving: Symmetric Matrices and Positive Definiteness",
  "description": "",
  "file": null,
  "learning_resource_types": [],
  "resource_type": "Video",
  "file_type": null,
  "youtube_key":  "lpnY5QVjU5w",
  "captions_file": "/courses/18-06sc-linear-algebra-fall-2011/1823354963a05345a36d5248600cc27e_lpnY5QVjU5w.vtt",
  "transcript_file": "/courses/18-06sc-linear-algebra-fall-2011/2252b25296a279bf096c577002fc96cd_lpnY5QVjU5w.pdf",
  "thumbnail_file": "https://img.youtube.com/vi/lpnY5QVjU5w/default.jpg",
  "archive_url": "http://www.archive.org/download/MIT18.06SCF11/MIT18_06SC_110711_D1_300k.mp4"}
