{
  "title":"The Four Fundamental Subspaces",
  "description": "",
  "file": null,
  "learning_resource_types": [],
  "resource_type": "Video",
  "file_type": null,
  "youtube_key":  "nHlE7EgJFds",
  "captions_file": "/courses/18-06sc-linear-algebra-fall-2011/2aa55c16f4495e78955cca3de4600ae0_nHlE7EgJFds.vtt",
  "transcript_file": "/courses/18-06sc-linear-algebra-fall-2011/dcc02491b2c1dc3a4f9338a82f7537dd_nHlE7EgJFds.pdf",
  "thumbnail_file": "https://img.youtube.com/vi/nHlE7EgJFds/default.jpg",
  "archive_url": "http://www.archive.org/download/MIT18.06S05_MP4/10.mp4"}
