{
  "title":"Matrix Spaces",
  "description": "",
  "file": null,
  "learning_resource_types": [],
  "resource_type": "Video",
  "file_type": null,
  "youtube_key":  "BaBoztM9Q1w",
  "captions_file": "/courses/18-06sc-linear-algebra-fall-2011/01415acdb4dd5310992d9720d56a575c_BaBoztM9Q1w.vtt",
  "transcript_file": "/courses/18-06sc-linear-algebra-fall-2011/c13e72ac62b1fd01f2f00503d3b6ac1f_BaBoztM9Q1w.pdf",
  "thumbnail_file": "https://img.youtube.com/vi/BaBoztM9Q1w/default.jpg",
  "archive_url": "http://www.archive.org/download/MIT18.06SCF11/MIT18_06SC_110607_A1_300k.mp4"}
