{
  "title":"Lecture 23: Differential Equations and exp(At)",
  "description": "",
  "file": null,
  "learning_resource_types": [],
  "resource_type": "Video",
  "file_type": null,
  "youtube_key":  "IZqwi0wJovM",
  "captions_file": "/courses/18-06sc-linear-algebra-fall-2011/b31eeed850085d9c865da4c8dc6858c8_IZqwi0wJovM.vtt",
  "transcript_file": "/courses/18-06sc-linear-algebra-fall-2011/2f7dd57cfc78b436934383c9673c73b1_IZqwi0wJovM.pdf",
  "thumbnail_file": "https://img.youtube.com/vi/IZqwi0wJovM/default.jpg",
  "archive_url": "http://www.archive.org/download/MIT18.06S05_MP4/23.mp4"}
