{
  "title":"Graphs and Networks",
  "description": "",
  "file": null,
  "learning_resource_types": [],
  "resource_type": "Video",
  "file_type": null,
  "youtube_key":  "h0m2tsmSPTI",
  "captions_file": "/courses/18-06sc-linear-algebra-fall-2011/0ee3872fe8115e03a19270fe59dbb3b9_h0m2tsmSPTI.vtt",
  "transcript_file": "/courses/18-06sc-linear-algebra-fall-2011/e607212bd8744684c99da2d595635010_h0m2tsmSPTI.pdf",
  "thumbnail_file": "https://img.youtube.com/vi/h0m2tsmSPTI/default.jpg",
  "archive_url": "http://www.archive.org/download/MIT18.06SCF11/MIT18_06SC_110711_N1_300k.mp4"}
