{"0013a5b9-019f-c1d7-da3b-303c4d395b83":"/resources/ozxzhcw663g-1/data.json","002ff64f-e1b7-5d1d-8b6b-7ccbfe3f3d83":"/resources/zwxhmbcdvfs-4/data.json","0050fe07-f47a-b375-ac0f-3abe492f8ae1":"/pages/ax-b-and-the-four-subspaces/the-four-fundamental-subspaces/data.json","009788c9-4833-f74f-34b9-2430b3601cd6":"/resources/1_4/data.json","00e9c8f0-eafe-deab-21a3-d079a17ed3d8":"/resources/mit18_06scf11_ses2-2sum/data.json","00ebbe27-cb81-5567-a085-6f4874073ee4":"/resources/5igtfgpqlkw-4/data.json","0118e59b-f988-ae91-68d0-d50bbdfc9ff3":"/resources/inverse-matrices-1/data.json","01415acd-b4dd-5310-992d-9720d56a575c":"/resources/baboztm9q1w-5/data.json","015b050d-f2b0-5c89-816f-b80bc68c76d9":"/resources/amlektjr5_u-5/data.json","0165be6d-5715-e8b1-d4b7-7bef22e614d5":"/resources/2idtqgm6kwu-1/data.json","021176ae-4bb6-8a38-0177-af674eca4ab5":"/resources/exam-3-review-1/data.json","022524a6-5ff0-9509-7fdc-e7857c87bedf":"/resources/mit18_06scf11_ses2-6sol/data.json","03148065-ca2a-6020-bc7f-f5527c47b191":"/resources/the-four-fundamental-subspaces/data.json","03fa86c6-72ca-b6cc-e168-955824c92f6e":"/resources/mit18_06scf11_final_exs/data.json","040d0174-302b-5100-a1d0-fbc0fb74a9a0":"/resources/fzncdo1esni-5/data.json","04e75083-c99e-54d0-9c18-ad2809c67a3d":"/resources/yzzuiyrce38-5/data.json","04f2cc22-59a0-f7c0-3169-1b47738ddd29":"/resources/qvkj3ladcna/data.json","052381db-fb29-5116-83f9-cdd12ca0a913":"/resources/amqcoopbutk-5/data.json","0527d1f2-fcfb-f6a1-f249-3d724180b490":"/resources/independence-basis-and-dimension/data.json","0550c89b-69c9-9e97-dcbf-52074e293308":"/resources/mit18_06scf11_ses3-8sum/data.json","05d2e130-7b10-4087-e511-dd9025828128":"/resources/basis-and-dimension-1/data.json","05eb739b-6c06-2453-1163-25a84bd6d0cb":"/resources/wuyaewe3iim-3/data.json","05fd63b1-4b76-d5ad-7ce9-cee1ee16186c":"/resources/mit18_06scf11_ses2-1sol/data.json","060c0abf-f399-49c6-f5be-ff6291e747a5":"/pages/ax-b-and-the-four-subspaces/elimination-with-matrices/data.json","067a5749-da32-b40d-ea0e-7407dca864b0":"/resources/problem-solving-pseudoinverses-1/data.json","067b49ba-ff2d-e3b7-1337-94b52b824d36":"/resources/mit18_06scf11_ex3/data.json","0687f2b7-39f4-597f-bb48-8dd945f9f27a":"/resources/3cmyj8ekfgo-5/data.json","0689e9a0-f66b-a169-b57a-71e60e59cfa2":"/pages/ax-b-and-the-four-subspaces/solving-ax-0-pivot-variables-special-solutions/data.json","079b03ca-949b-ccd5-d69a-78f459936d5a":"/resources/8o5cmfpeo6g/data.json","0874a421-068b-100d-bc6a-a592d0ab6d10":"/resources/osh80ycg_gm-1/data.json","087ffa79-6da9-818d-3198-d7c771ba004b":"/resources/-ea2d_ricna-3/data.json","0903b4b4-0428-4cd1-4b66-ecccea103fd4":"/resources/mit18_06scf11_ses1-2sum/data.json","0909fbd8-d8d5-c185-3d19-717781ea1332":"/resources/8o5cmfpeo6g-3/data.json","091078fe-e8e1-5d9a-a19d-212751fe4a01":"/resources/yjberm5jwsc-5/data.json","09dda98b-4e04-571e-a732-5d5e851513bf":"/resources/hsrchtafkje-4/data.json","0a3e8893-e3f2-2202-f4e3-3d2946af22a2":"/resources/1_3/data.json","0a9bfdf5-2883-dd22-3783-b77f26658ed4":"/resources/nhle7egjfds-2/data.json","0ac8efbd-0c16-073c-4c34-e5e79fe9a56a":"/resources/matrix-spaces-rank-1-small-world-graphs/data.json","0af60cca-df77-7b99-7fd4-3c9458a2a411":"/resources/lecture-30-linear-transformations-and-their-matrices-1/data.json","0b400378-2935-8f99-8604-b2ac24da1e32":"/resources/quzl5ikpo_u/data.json","0b61a45d-ff63-5289-98e8-bc5b0d4fed85":"/resources/fjspjh0b2tu-5/data.json","0b82b456-a287-d080-f8f3-90727287105e":"/resources/mit18_06scf11_ses3-1sol/data.json","0bbc30e3-f1d7-933e-a07a-2d2e9ab050d9":"/resources/mit18_06scf11_ses1-9sum/data.json","0bc65383-865b-2744-95b3-f1180e01eccc":"/resources/2idtqgm6kwu-2/data.json","0ca07bc0-f263-7a1f-7512-1e1427de5513":"/resources/problem-solving-powers-of-a-matrix-1/data.json","0cb1d48a-4ffe-da15-c5c9-ad1b94b4d45b":"/resources/d8u1lv9cnck/data.json","0d3f66fb-3b0c-768d-ec9c-c607f7ce506c":"/resources/2_6/data.json","0d432adc-d795-8f5d-bede-cccd20ec1efc":"/resources/mmwqgd4urso-1/data.json","0e13cc7d-5423-44b5-2333-ffe442deb35e":"/resources/orthogonal-vectors-and-subspaces/data.json","0ea3c333-ad8f-8337-9b45-efd8ffe88729":"/resources/mit18_06scf11_ses1-4prob/data.json","0ee3872f-e811-5e03-a192-70fe59dbb3b9":"/resources/h0m2tsmspti-5/data.json","0f5a0643-c2ea-a566-7603-aa39ec807f70":"/resources/amlektjr5_u-1/data.json","0f971013-5b3f-bcb0-8477-ed8534c07229":"/resources/mit18_06scf11_ses2-2prob/data.json","0fa8ca91-40d3-52d1-b75c-5ad2dfea5243":"/resources/psbafxdhdge-4/data.json","0fa96f81-9581-5409-9857-7165819872a9":"/resources/s8dqzje4v8u-4/data.json","0fda28a2-b454-5e77-99a4-1888d6b6123e":"/resources/l88d4r74gtm-5/data.json","102a1a49-073f-e197-ec78-7cd66e2cf261":"/resources/18-06/data.json","1036f9ef-2f53-4258-11d3-ab8176b4b4d7":"/resources/mit18_06scf11_ses1-10prob/data.json","107c72ed-ddd4-549f-a156-839a8c48e1ec":"/resources/fx4c-jptfgy-5/data.json","109483f7-7be4-ca0e-e00b-066d256655db":"/resources/lggdigizcq0-2/data.json","1096ba09-7719-64a9-5295-a5e322a54990":"/resources/vector-subspaces-1/data.json","10b067d2-6944-edf7-ebd9-2895cec8c3dc":"/resources/h0m2tsmspti-2/data.json","10c0a26e-d449-3284-0d9d-3a1f783ec86e":"/resources/lecture-17-orthogonal-matrices-and-gram-schmidt/data.json","10c6dd84-28b4-f011-299e-3b905bee4c11":"/resources/pz3zyuo2gpm-1/data.json","10c999e8-5998-f9de-07a0-fd8658b94a6c":"/resources/ana_photo/data.json","11099da0-a6a4-583b-a9f7-895c9e31ddd5":"/resources/5igtfgpqlkw-5/data.json","11bd9d2d-3b77-ea50-eb7f-18ec9f437279":"/resources/884c52175f0f_mit_18-06sc_7ebf60274ee36570-_79cb_2011/data.json","11ddcbdc-b2e4-141c-fbf5-20564319fbd0":"/resources/problem-solving-complex-matrices/data.json","11def167-6384-5b36-0282-1117592f4b56":"/resources/vqp2tremvt0-1/data.json","1218771a-3383-9c95-24a4-f40f701edb03":"/resources/linan_photo/data.json","121fa4e6-40cc-2616-fc45-7f56b8513dee":"/resources/fjspjh0b2tu-2/data.json","12bacd0a-7df9-3732-00c2-592939c97906":"/resources/problem-solving-gram-schmidt-orthogonalization/data.json","12bb08ca-bfcd-59f9-a6fd-cd70a76fd4c8":"/resources/vys9eyz3gco-4/data.json","13115844-908c-991f-11d5-2f44f29ecc11":"/resources/mit18_06scf11_ses1-12prob/data.json","1313c8ab-aaf3-56f3-8641-2fb3c83a2e5f":"/resources/vys9eyz3gco-5/data.json","14ab267e-d279-8462-d8d7-4aab31f853ee":"/resources/55aowkzztww/data.json","14f40d4e-8260-7901-3fc3-e260ec0103f0":"/resources/m0sa8floaja-1/data.json","1510aea8-ba7e-1bcd-7601-6d2b6afa856b":"/resources/b17h10ef59g-2/data.json","15a3c630-c39e-551f-ba82-5e2cbc60df30":"/resources/cfn2zuuwpd0/data.json","166c98c3-1727-54a5-8bb3-d335990fddbc":"/resources/7b2c4e8c6b2180038bd54f8b98986c4289e3_mit_18-06sc_7ebf60274ee36570-_79cb_2011-5/data.json","16cbd979-625c-d2e0-1d6a-38215e234b88":"/resources/qqpvglf_1qo-2/data.json","16f1f706-f40d-f168-153c-42311ff35cbf":"/resources/problem-solving-determinants/data.json","170cb8d5-b8ee-2a2c-170d-611f87d0525d":"/resources/mit18_06scf11_ex1/data.json","172571ec-1468-8c38-e3a6-02925af8e7d9":"/pages/least-squares-determinants-and-eigenvalues/determinant-formulas-and-cofactors/data.json","17643635-80ff-3738-ac63-fe518148d342":"/resources/5fae520665b97a0b6307657077e99635-at/data.json","17a9cb3d-d3aa-37f7-5cb7-516b57bcb68c":"/resources/h9adgvw59tu-2/data.json","17d3a7d5-7365-a5fe-457f-c98b3e20af9e":"/resources/ozxzhcw663g/data.json","17e7561c-f664-5d2b-8860-668635d15840":"/resources/qnpj-goxw9m-5/data.json","17f893a3-be7a-21b8-1426-ccf0365e6999":"/resources/7b2c4e8c6b2180038bd54f8b98986c4289e3_mit_18-06sc_7ebf60274ee36570-_79cb_2011/data.json","18233549-63a0-5345-a36d-5248600cc27e":"/resources/lpny5qvju5w-5/data.json","1828f1c4-85c0-38a6-6897-65143db8b90e":"/resources/2_7/data.json","182ecbaa-32e0-5473-a3a3-8f9b2baaf3d4":"/resources/y_ac6kiq1t0-5/data.json","187d8a0b-11db-5834-8436-823d3f804f58":"/resources/h9adgvw59tu-5/data.json","18ca88ac-e986-6015-1ba8-f11c0f333820":"/resources/lggdigizcq0/data.json","190783ec-1108-5ed4-98d9-abdd30b2b2c0":"/resources/yeyrh-oc2p4-2/data.json","19473137-a928-ac5f-c76c-8d66629ffe8d":"/resources/5fae520665b97a0b6307657077e99635_-at-_mit_18-06sc_7ebf60274ee36570-_79cb_2011-1/data.json","1963da71-c4d9-6e5d-14e7-939780f79bcc":"/resources/mit18_06scf11_ses1-3sum/data.json","198bde3a-6536-b629-89b6-cc09495575c1":"/resources/mit18_06scf11_ses2-3sum/data.json","1999c9f4-accd-bef0-5571-a1014438f8dd":"/resources/mit18_06scf11_ses2-8sum/data.json","1a996e59-58c5-7bb8-d1e2-0ee155a8884f":"/resources/1_11/data.json","1aa6795f-9425-f242-caa4-fc5d70211072":"/resources/ucc9q_cahho-3/data.json","1ad97ac8-333f-714a-3920-ef04ed7eb0c8":"/resources/solving-ax-b-1/data.json","1b8a2dfc-8219-edb9-b163-c699f3d0d27a":"/resources/5igtfgpqlkw-2/data.json","1b8ec766-687e-f5d4-a653-6ef2b1e89e2c":"/resources/final_course_review/data.json","1bbfcb71-8126-a0a8-ef87-55b84922c536":"/resources/mit18_06scf11_ses1-12sol/data.json","1bc41f3d-94d9-5df3-b6fb-9f897e54be39":"/resources/quzl5ikpo_u-4/data.json","1c8baa70-0f83-5320-8421-5e3ef6fae0c1":"/resources/ts3o2i8_mxc-4/data.json","1ca714db-6079-5869-91b6-7e4297bccc3c":"/resources/hsrchtafkje-5/data.json","1cb8c5fd-4c66-5bb2-96a8-44aeaba5a259":"/resources/tx_voosnhm8-5/data.json","1cef3bc8-4f3b-cfea-9d99-1403874c3942":"/resources/fzncdo1esni-3/data.json","1d326649-6e08-30e5-7e06-9f94d70f88bb":"/pages/least-squares-determinants-and-eigenvalues/exam-2-review/data.json","1d346aa7-f488-587e-b25b-2b8e0b1e41cd":"/resources/jibvxbelkl0-4/data.json","1d438585-adf6-11a6-00a9-364f4c332738":"/resources/osh80ycg_gm-2/data.json","1d618d02-8416-766b-580a-63310ca45ded":"/resources/jibvxbelkl0-2/data.json","1dcc6982-5b0d-d014-1527-d79cc11eaada":"/resources/amlektjr5_u-3/data.json","1e0bdeba-34df-5f71-c055-46c4df30587e":"/resources/b17h10ef59g-3/data.json","1eca782a-385e-99a6-da5d-1bd372d21aae":"/resources/nikola_photo/data.json","1f131b03-67d7-ae2d-a3fb-6268977b2873":"/resources/column-space-and-nullspace/data.json","1ff24ba8-67b5-ac72-fcad-41dcf3e79e10":"/pages/least-squares-determinants-and-eigenvalues/projections-onto-subspaces/data.json","203505b1-7cb9-f1ce-dc1d-b2a2d384184f":"/resources/0objn8f616u-1/data.json","20795aec-b78f-dcd4-0ea2-d25d070f4ac8":"/resources/vector-subspaces/data.json","214efbac-d6f9-755c-68b1-74332e9bf0c2":"/resources/lecture-17-orthogonal-matrices-and-gram-schmidt-1/data.json","2182264c-f61c-c229-b2bb-de2330378d44":"/resources/fx4c-jptfgy-2/data.json","2188d301-df19-f108-8846-bba4385ce874":"/resources/solving-ax-0/data.json","21cd4256-f835-292e-f7b8-9234e9a8ef01":"/resources/4e097ef47a7a95f476845b507a7a95f4-1/data.json","21d5e2d2-cd30-bf72-ad24-e834509e7606":"/resources/d8u1lv9cnck-2/data.json","21f571f1-0575-5ef0-b798-96192aec9c7c":"/resources/psbafxdhdge-5/data.json","2217a82f-b2d9-5892-4674-719da33655c8":"/resources/exam-2-review/data.json","222f934e-ed5d-c58b-07e9-dbdae001a4fc":"/resources/glfg2ubmaxc-3/data.json","2252b252-96a2-79bf-096c-577002fc96cd":"/resources/lpny5qvju5w-3/data.json","228a4021-d20f-4f9a-bfd5-18f0191f3b11":"/resources/problem-solving-positive-definite-matrices-and-minima-1/data.json","2376f3e0-0c4d-e0f6-6346-53041d685aed":"/pages/least-squares-determinants-and-eigenvalues/orthogonal-matrices-and-gram-schmidt/data.json","23aacbc5-e518-95cb-fe0a-2bf6dfbf2a87":"/resources/j7dzl2_na80/data.json","2418ddf8-2ab4-9f4d-2523-8c12836453d4":"/resources/y_ac6kiq1t0/data.json","245582e7-bf82-2b1a-9928-9385d4b1fe1c":"/resources/mit18_06scf11_final_ex/data.json","246844f5-3b31-5d54-8c9c-682255a040e4":"/resources/qvkj3ladcna-5/data.json","246e18f1-90ad-c4a5-ebed-3bf57b0a70c6":"/resources/hgc1l_6yskc-1/data.json","24967603-022b-eae5-3996-87895fe38114":"/resources/y_ac6kiq1t0-2/data.json","24c9311d-c976-3530-b8f5-0787aaef0b0a":"/resources/fzncdo1esni-2/data.json","253f93ba-4904-c5d7-57f6-be7e16b9aeea":"/resources/mit18_06scf11_ses3-7prob/data.json","25475130-1c94-0315-ae40-a0f563edbe9b":"/resources/4e097ef47a7a95f476845b507a7a95f4_mit_18-06sc_7ebf60274ee36570-_79cb_2011-3/data.json","255ec48e-5183-55a8-ef94-b086e3a5a247":"/resources/mit18_06scf11_ses1-6prob/data.json","25d67225-2dd4-5d73-b08f-0d6f0a1c45ba":"/resources/kuuxdk_v7to-5/data.json","2640710d-bcc2-3689-5140-7b47c9807427":"/resources/23llb9mnjvc-3/data.json","265592b3-4ca5-5854-1dcc-e602b51d550a":"/resources/yjberm5jwsc-1/data.json","265e502c-bb64-1058-a996-fbb83c26e0a8":"/resources/qvkj3ladcna-1/data.json","2780c0c9-db45-f51f-a4f3-f3f2072e00b1":"/resources/problem-solving-positive-definite-matrices-and-minima/data.json","27847e4e-5802-3e45-5cb5-59905d2bf496":"/resources/pz3zyuo2gpm/data.json","27b1883d-41a8-51a3-b1f6-2c0e71992434":"/resources/m0sa8floaja-4/data.json","27cfb5e0-3b0f-5977-a272-1064142b9f50":"/resources/pz3zyuo2gpm-4/data.json","27e1bf89-bb11-5c5d-bed6-4a8f5ac1f4b0":"/resources/d8u1lv9cnck-4/data.json","2817c81b-0904-0d03-c0c6-34f006d5a20d":"/pages/ax-b-and-the-four-subspaces/factorization-into-a-lu/data.json","2819d0e0-c178-9f31-d5e1-d199dc299113":"/resources/7ebf60274ee36570768451e04f558868793a_mit_18-06sc_7ebf60274ee36570-_79cb_2011-2/data.json","28466b82-1869-5441-932b-784ccc36a3b1":"/resources/wuyaewe3iim-5/data.json","28a818cd-34a0-fa40-9fad-d4aaf4df4942":"/resources/graphs-networks-incidence-matrices/data.json","290a5d85-7d2a-51bf-21d4-eebf05905620":"/resources/mit18_06scf11_ses1-1sol/data.json","298b9232-9936-c45b-d90c-7f90b605879b":"/resources/hgc1l_6yskc-3/data.json","29d9e326-0562-a012-5d27-537cb6baf3d0":"/resources/mit18_06scf11_ses3-1prob/data.json","2a49ca62-3b80-57f0-b8db-cccc252db815":"/resources/mit18_06scf11_ex2/data.json","2a96d025-346d-8845-8292-51cb918caddd":"/resources/mit18_06scf11_ses1-2prob/data.json","2aa55c16-f449-5e78-955c-ca3de4600ae0":"/resources/nhle7egjfds-5/data.json","2aec6a85-0275-4a26-5505-a398d7f81976":"/resources/qvkj3ladcna-2/data.json","2b005b05-5352-5b36-93ef-6a5beca2036a":"/resources/rwvi4vx4cdc-5/data.json","2b86a380-169d-5ae1-a29c-e9616aa20e0a":"/resources/lggdigizcq0-4/data.json","2ba7823a-8fc4-5fe0-b98c-8bc44ed11177":"/resources/cdznhqjju4i-5/data.json","2bc2e009-a682-eaa4-6a19-8af45d6dc80c":"/resources/-ea2d_ricna-1/data.json","2c2725cf-d103-98f6-bd17-434648b447fc":"/resources/0h43av4ah7i-1/data.json","2d5daa1e-2d40-1404-0f31-7ebb8d92d1c0":"/resources/mit18_06scf11_ses2-11sol/data.json","2d92dd82-c054-2b14-0822-24412bc064eb":"/resources/1_7/data.json","2da3bb72-0799-63e0-f09f-f07ea7a4dff9":"/resources/884c52175f0f548c4f5379ef_mit_18-06sc_7ebf60274ee36570-_79cb_2011-1/data.json","2e363da9-e134-5b56-9f0d-ac0141917bec":"/resources/hgc1l_6yskc-5/data.json","2e8f3fde-52a4-42af-fa1d-8cd0213b4d74":"/pages/least-squares-determinants-and-eigenvalues/differential-equations-and-exp-at/data.json","2ee97af6-c631-e8b1-263a-f52999dc5336":"/resources/psbafxdhdge-1/data.json","2f27f3ce-bd26-cde0-fffb-24ae975d2035":"/resources/5fae520665b97a0b6307657077e99635_-at-_mit_18-06sc_7ebf60274ee36570-_79cb_2011-3/data.json","2f7dd57c-fc78-b436-9343-83c9673c73b1":"/resources/izqwi0wjovm-1/data.json","2f977198-cd8f-019b-14b2-75887f2467ea":"/resources/7b2c4e8c6b2180038bd54f8b98986c4289e3_mit_18-06sc_7ebf60274ee36570-_79cb_2011-1/data.json","30164ec6-9f85-8d02-0a13-78d8b9c366fe":"/pages/positive-definite-matrices-and-applications/singular-value-decomposition/data.json","30230dff-522f-6273-7c2d-c3a8698cbeaf":"/resources/problem-solving-similar-matrices/data.json","30e3b415-8e94-316b-632e-135b2aa1a451":"/resources/multiplication-and-inverse-matrices-1/data.json","312bbaf2-d0a0-a418-4087-f883a64ad197":"/resources/6-wh6yvk6uc-3/data.json","31328fec-5be4-5ee7-8b88-aaa35d3fb995":"/resources/13r9qy6cmjc-4/data.json","313cfd8b-1db5-a27a-8e48-6efcccecb030":"/resources/problem-solving-determinants-and-volumecomputing-the-singular-value-decomposition-1/data.json","3170e240-fd33-6abf-1571-e928cbf1eb24":"/resources/5igtfgpqlkw/data.json","3186ab76-3e72-0406-a8e3-8301bd894790":"/resources/23llb9mnjvc/data.json","319b1b83-d1cc-e884-96ae-7e7fb923aec4":"/resources/3_5/data.json","31faf1ce-3bab-94b7-8fec-cf05107b9f93":"/resources/mit18_06scf11_ses2-1prob/data.json","3248a6ec-55dd-545c-9ea2-73832cb409dc":"/resources/cfn2zuuwpd0-4/data.json","32819bd0-8926-3898-620a-b484a7ba22ee":"/resources/fjspjh0b2tu/data.json","32a41779-2a1d-309b-2ffa-4936c39b71e1":"/resources/2_8/data.json","32b9793a-7998-e092-96cd-6234fe7e9017":"/resources/mit18_06scf11_ses1-5prob/data.json","3348212d-8a0c-89da-9a51-3c5875dbf9b4":"/resources/yjberm5jwsc-2/data.json","33b21afa-b62e-a8df-6c7b-d241240df60d":"/resources/mit18_06scf11_ses1-5sum/data.json","33cadc81-b4b3-88da-0a11-1af7336a2561":"/resources/exam_3/data.json","33fdb9f7-b778-7e26-7521-69e249def994":"/resources/mit18_06scf11_ses2-3prob/data.json","34303ce1-9b45-7241-22d2-bd33d64df688":"/pages/ax-b-and-the-four-subspaces/data.json","34cea483-b4b1-504a-af3e-25e3f60e3b71":"/resources/7ebf60274ee36570768451e04f558868793a_mit_18-06sc_7ebf60274ee36570-_79cb_2011-4/data.json","34f596bc-2328-22be-5fba-75646f6970c5":"/pages/positive-definite-matrices-and-applications/data.json","356a14ba-7120-b532-a1f9-419c704614a1":"/resources/lggdigizcq0-1/data.json","356f454e-5c0d-b220-bad1-383cd1c54c66":"/resources/0mtwqhiwdri-1/data.json","363695a7-77b1-d9d3-e20e-73ff7c3225fc":"/resources/yzzuiyrce38-2/data.json","3749256d-5f12-f049-a635-0eb6a41a9e84":"/resources/vqp2tremvt0-2/data.json","37617dbf-2487-5b2d-faac-3e46e6305773":"/resources/mit18_06scf11_ses3-2sol/data.json","37d5a2a4-8317-a81e-ff07-0da4bb0cb994":"/resources/solving-ax-0-pivot-variables-special-solutions/data.json","381bdf16-43a2-ab77-296c-72bc7f0745c9":"/resources/quzl5ikpo_u-3/data.json","383028ad-9dfd-5292-8c38-8c5d569993c3":"/resources/ozxzhcw663g-2/data.json","38c6002b-ffe7-82a0-7c03-77b3686b0c41":"/resources/2_10/data.json","38dac080-2ac9-da6d-a8f1-1d68371a8dc9":"/resources/wuyaewe3iim-1/data.json","3921e359-ef46-ef69-930f-0c922b456485":"/pages/positive-definite-matrices-and-applications/exam-3/data.json","3922f3be-ca49-940f-74fe-a359046d2344":"/resources/884c52175f0f-1/data.json","39bf3ee1-ebc5-5446-b117-cea29e8f9e9f":"/resources/go2alo7zolu-4/data.json","39d6f27b-1a47-0a4f-44a6-872dbe427ced":"/resources/vys9eyz3gco-1/data.json","39fefff8-5a0f-9d9f-2823-779a19ad2337":"/resources/mveuzzjdd1w-3/data.json","3a25c6bf-9d59-2fa4-6da8-0ceacb414de9":"/resources/problem-solving-powers-of-a-matrix/data.json","3a480ff0-0a02-3f98-bcd0-268a0ce3014c":"/resources/problem-solving-determinants-and-volumedifferential-equations-and-exp-at-1/data.json","3a6198ee-2541-298b-ec4f-5810f996bf42":"/resources/mit18_06scf11_ses2-7sol/data.json","3b1713a8-64fd-0a8e-1f0a-91771d82c7dc":"/resources/lecture-18-properties-of-determinants-1/data.json","3c350e1d-38a9-e470-0195-1f2def503bc8":"/resources/kuuxdk_v7to-2/data.json","3c8e3a40-02df-0dc8-51e3-16f175436682":"/resources/y_ac6kiq1t0-3/data.json","3d8f60a8-0fef-5e0f-bd7a-13ad5eb457f7":"/pages/least-squares-determinants-and-eigenvalues/eigenvalues-and-eigenvectors/data.json","3db609ec-e48e-c731-c6ed-9b150e441fb5":"/resources/problem-solving-eigenvalues-and-eigenvectors-1/data.json","3dc50bfe-4aac-3c75-5760-053db761e0d1":"/resources/problem-solving-least-squares-approximation-1/data.json","3e7b750d-de8f-5977-b1ce-f68fa2890720":"/resources/4pnarrxczle-5/data.json","3e84bc4f-1e84-6a65-a875-ee001c25efd0":"/resources/0h43av4ah7i-3/data.json","3e8c4941-b1d1-58dd-8c64-79ea80b9eab4":"/resources/vqp2tremvt0-4/data.json","3f3af797-d8d8-60df-7fe1-32884edc5d6e":"/resources/final-course-review-1/data.json","3f4421b3-8edc-4efe-546c-fbe588abb6a9":"/resources/s8dqzje4v8u-2/data.json","3f5fce69-ec1c-596e-ad04-9e0515a5d10d":"/resources/884c52175f0f548c4f5379ef_mit_18-06sc_7ebf60274ee36570-_79cb_2011-4/data.json","3f640851-1d8e-e93f-75a3-2d8b64b7e2bc":"/resources/msivs_6vc38-3/data.json","3f83fefe-5503-5ab2-8e10-73cc4ae4e5dc":"/resources/osh80ycg_gm-5/data.json","3f8e0016-948e-a022-4d2c-d16dd4f4e80c":"/resources/6-wh6yvk6uc-1/data.json","3f9e306b-8597-7c21-227f-5f241af2f7cc":"/resources/exam-1-review/data.json","3fe97aba-a6c0-941b-de4a-213f7b85dcf3":"/resources/zwxhmbcdvfs-2/data.json","3febcc5c-d93b-7e13-94d5-aba646cbc6bf":"/resources/hgc1l_6yskc/data.json","404c6cb4-d832-2dab-5b88-c00c2aea12a3":"/resources/problem-solving-linear-transformations-1/data.json","417f4710-fe15-54e3-56c2-6ba23b8d381c":"/resources/7b2c4e8c6b2180038bd54f8b9898-1/data.json","41ad1119-c5c4-ece2-0903-2c5612afd712":"/resources/ts3o2i8_mxc-3/data.json","41c162f1-f1c6-d4f6-1e42-a556a56b77bf":"/resources/mit18_06scf11_ses3-8prob/data.json","420242da-881e-acaa-76fb-5fbc624a6bdf":"/resources/problem-solving-pseudoinverses/data.json","4328f15f-3c50-2d29-0afd-ddd4ae103a6d":"/resources/2udvruowbzg-2/data.json","43e6b5f1-1759-83c7-220c-e471d4a93317":"/resources/mit18_06scf11_ses1-2sol/data.json","44aff9c4-aaf7-0eef-c12b-7dc110a355a4":"/resources/2idtqgm6kwu/data.json","44e2bbeb-c380-5c3c-a896-51b63a3d3159":"/resources/b17h10ef59g-5/data.json","44ecd302-de6f-ee32-877c-179b339ca873":"/resources/my5w4mxwbew/data.json","450f85bb-4e26-5275-a188-eaae2939167c":"/resources/ozxzhcw663g-3/data.json","451c7be3-3c2f-f17f-4881-adfa981fc5e7":"/pages/syllabus/meet-the-tas/data.json","452b6fea-e71b-ae8e-7ada-0c65ba390359":"/resources/hequn0qelsq/data.json","454334e7-d4fc-c0b3-8df4-085e9b7e83e3":"/resources/qvkj3ladcna-3/data.json","45733b66-689b-edba-df1c-f5d5c682b6a3":"/resources/5fae520665b97a0b6307657077e99635_-at-_mit_18-06sc_7ebf60274ee36570-_79cb_2011/data.json","45bdf363-c6f1-a564-a61f-df61aa86748c":"/resources/mit18_06scf11_ses2-8prob/data.json","47688891-033e-c0cb-031a-ff67606640d9":"/resources/0objn8f616u/data.json","47e29ff2-6c88-582c-663d-6dbc205b5c75":"/resources/lecture-23-differential-equations-and-exp-at/data.json","47e4fbb7-93be-ee11-8d22-686ff38acbf2":"/resources/cfn2zuuwpd0-2/data.json","4856edc9-474f-235f-557b-50526d70250e":"/resources/3cmyj8ekfgo-3/data.json","4898a00e-dcd5-ddfa-9a54-5446ff6c2e88":"/resources/mit18_06scf11_ses2-5sol/data.json","48f6d4e2-5188-840d-aa0c-d1e61604792c":"/resources/psbafxdhdge-2/data.json","491fda69-11a1-623b-5111-fef106e504be":"/resources/ucc9q_cahho-2/data.json","4934082a-3aa5-8ae7-0e63-f884a6f50823":"/resources/problem-solving-gram-schmidt-orthogonalization-1/data.json","49d4fb11-21ae-3895-43b0-3fbb446a6012":"/resources/mit18_06scf11_ses2-5prob/data.json","4aef6484-c742-50c5-d5cc-748ffca80371":"/resources/0h43av4ah7i-2/data.json","4b19b2c5-2c0d-3144-79d6-0eb3417bb4ab":"/resources/3_3/data.json","4c4d13d9-6909-13ec-412b-4e8688a48533":"/resources/graphs-and-networks-1/data.json","4d4534a6-e0c4-7248-fd6f-2d2683e85716":"/resources/9q1q7s1jtzu-3/data.json","4d848eb3-0b6f-5738-e3f6-69a67b2d522b":"/resources/884c52175f0f548c4f5379ef/data.json","4dd50ecd-7a2d-1cd7-3548-e75ac27f47ce":"/resources/fzncdo1esni/data.json","4deb39e1-b021-2c70-668c-7976e1cc8248":"/resources/problem-solving-symmetric-matrices-and-positive-definiteness/data.json","4df51fb0-fea8-c149-41e5-9ccf240e4a63":"/resources/t-n4a18aw08-1/data.json","4e0355e8-346c-55c7-b719-3202067a533c":"/resources/s8dqzje4v8u-3/data.json","4e0d9f44-9b9a-58e1-5485-20a930d834f0":"/resources/4pnarrxczle-1/data.json","4e6de3b3-0426-5fd6-e807-6a4025962f5a":"/resources/problem-solving-determinants-and-volume-1/data.json","4ee7e51c-5091-0059-7a9a-c889b322e5ab":"/resources/lecture-31-change-of-basis-image-compression-1/data.json","4f4aad23-4ffa-6cd6-e9a5-ffa0414da681":"/resources/hsrchtafkje/data.json","4f4e1b5d-29ad-5ee2-9376-979e5161c2e4":"/resources/9q1q7s1jtzu-5/data.json","4f621c92-a361-5d35-834a-7237a1a3fa98":"/resources/s8dqzje4v8u-5/data.json","4fe170ab-c8ab-5810-1be7-f0344375aae6":"/resources/srxexlishgy-2/data.json","50ce4d8c-ddfa-06b9-c4d8-4f7e03a7e0e7":"/resources/unit_1_wide/data.json","5264c401-e656-7924-4494-55218032bd8e":"/resources/2_11/data.json","52ac80d4-310a-a94c-cbae-df6e0fd4853d":"/resources/3_1/data.json","52d7b60d-3a29-364a-570f-4bd4c3ef14b5":"/resources/tsdxjw83kya/data.json","52ddcdb6-4411-56d2-b13c-4e63ad4b1e63":"/resources/5fae520665b97a0b6307657077e99635_-at-_mit_18-06sc_7ebf60274ee36570-_79cb_2011-4/data.json","52f34214-6948-517e-8e75-26e9d8382caa":"/resources/fzncdo1esni-4/data.json","53876c71-e4ab-eeb1-b213-135dd8bc84cf":"/resources/7ebf60274ee36570768451e04f558868793a_mit_18-06sc_7ebf60274ee36570-_79cb_2011-3/data.json","53b5f60f-1bcf-e8ab-d9f3-d40e1b423699":"/resources/izqwi0wjovm/data.json","53e2d422-5a53-c498-3ab2-f266acf19e1b":"/resources/qebi0k5wfos-2/data.json","53f17d47-bf99-d26f-dc47-2b3177c256a8":"/resources/mit18_06scf11_ses3-2sum/data.json","543961d1-b545-b463-acfc-8e46dab22747":"/resources/transposes-permutations-vector-spaces-1/data.json","54bfd31b-c38a-47b1-719e-194c0caa7522":"/resources/an-overview-of-key-ideas/data.json","5500c16a-ff18-ebcc-312d-f763e8f85992":"/resources/mit18_06scf11_ses2-12sum/data.json","560e50df-0191-5456-b93c-d6bc809601aa":"/resources/go2alo7zolu-5/data.json","5617888c-4213-5ece-b217-e98ca497ebb6":"/resources/884c52175f0f_mit_18-06sc_7ebf60274ee36570-_79cb_2011-4/data.json","562c3102-6033-b44a-0549-1b57834a5a0e":"/resources/mit18_06scf11_ses1-9prob/data.json","5785b397-f532-c18c-4837-a1d5ba941f09":"/resources/rwvi4vx4cdc/data.json","5827f5c6-586b-503c-a3f6-9bde0cedee0c":"/resources/go2alo7zolu/data.json","585e41af-6ff4-e96a-08ee-1bfe25aa3714":"/resources/1_2/data.json","589c5ac1-1ea4-aa83-1408-f79335bf898c":"/resources/lecture-15-projections-onto-subspaces/data.json","593cccc5-54c1-58f0-71dd-74ae46cfdb53":"/resources/7ebf60274ee36570768451e04f558868793a_mit_18-06sc_7ebf60274ee36570-_79cb_2011/data.json","593fc96d-c157-0183-a76e-102c910dafab":"/resources/solving-ax-b/data.json","595c6d15-9a26-523d-83ae-e65cd9a11bb9":"/resources/0objn8f616u-4/data.json","59adaa15-7306-851f-7d0f-92493ee52369":"/resources/lecture-19-determinant-formulas-and-cofactors-1/data.json","59b64799-06f9-28ff-ef4a-f8228b8198bc":"/resources/fx4c-jptfgy/data.json","59b81b79-eaab-5aca-b813-5f0dbe502955":"/resources/mit18_06scf11_ses3-7sol/data.json","5a1bb1b3-3798-9ef3-1e3c-11f632f5a2a4":"/resources/hsrchtafkje-2/data.json","5a4dfaf0-667a-3c56-c7ad-7a5b37fa882b":"/resources/final-course-review/data.json","5b0252b9-439e-cc50-3cea-f04ccc270d19":"/resources/lecture-29-singular-value-decomposition-1/data.json","5b238858-f518-3c52-7f69-30c22eead0a5":"/resources/graphs-and-networks/data.json","5b4f1c3c-69b8-4147-c351-605c67c05b2b":"/resources/s8dqzje4v8u-1/data.json","5ceac9d3-9571-06cc-de44-9c10ef755162":"/resources/mveuzzjdd1w/data.json","5d1b0a87-6877-508a-9f92-778ef7f46e97":"/resources/mmwqgd4urso-5/data.json","5d67c178-9fbb-d976-2ef2-21fac0f60426":"/resources/geometry-of-linear-algebra/data.json","5dd3f8ec-0a39-8fd7-4264-fef3fd591f81":"/resources/mit18_06scf11_ses2-5sum/data.json","5e408ba7-c2da-f33c-4082-57094d6a0e0b":"/resources/m0sa8floaja/data.json","5f06b9f8-e7ab-d36c-1e16-0e881635d904":"/resources/pz3zyuo2gpm-3/data.json","5f12aef9-0a3e-a658-e59c-e968a672c0c2":"/pages/least-squares-determinants-and-eigenvalues/projection-matrices-and-least-squares/data.json","5f44ebe5-416f-fc8e-b650-554c8ebddfdf":"/resources/factorization-into-a-lu/data.json","5f796b58-79ac-a8e1-3013-4f607815f9c8":"/resources/exam_2/data.json","5f84a9c9-097b-5711-acfd-cd201abae25b":"/resources/8o5cmfpeo6g-5/data.json","5fa20eaa-1aed-563b-ad8c-7b5c46b8dc73":"/resources/rwvi4vx4cdc-4/data.json","5fa61a8a-cb4b-ace2-b291-fa9364395075":"/pages/ax-b-and-the-four-subspaces/solving-ax-b-row-reduced-form-r/data.json","5fca0aa3-ca0a-0945-5e12-08883f302be6":"/resources/lecture-28-similar-matrices-and-jordan-form/data.json","5fce6a16-b28d-529a-8c5b-49eef3e65e11":"/resources/msivs_6vc38-5/data.json","6016c0af-f6d2-2a67-8a7c-ecc345a8f0fb":"/resources/5fae520665b97a0b6307657077e99635_-at-_mit_18-06sc_7ebf60274ee36570-_79cb_2011-2/data.json","60b9248d-bd1e-5ce0-ab3f-d2b14fdb5a5d":"/resources/qebi0k5wfos-4/data.json","60de2806-2b0e-860f-46e9-8bf6e6df88d5":"/resources/180/data.json","610efabd-f621-ca42-18f2-89ae6c1a1b55":"/resources/13r9qy6cmjc-2/data.json","6209c27d-7560-bd32-ef38-618739bb8dd2":"/resources/david_photo/data.json","629f5eaa-ce23-51e5-befb-3b65e46243c2":"/resources/kuuxdk_v7to-4/data.json","62a9db9e-eab1-9069-4d40-afe4734068ca":"/resources/mit18_06scf11_ses1-10sum/data.json","637d3365-53da-7ada-e6ec-84332bd5bf1d":"/resources/j7dzl2_na80-3/data.json","64001782-6999-052c-eb93-9be12d394dfa":"/resources/23llb9mnjvc-2/data.json","641fbfcf-8d41-0924-1709-1e8d3dc0bf63":"/resources/lu-decomposition/data.json","649d8a9b-f665-5cd9-9552-d08602ee8f9b":"/resources/7uj4cfrgd-u-2/data.json","65b72ac3-6b79-7020-5304-6db455ff79a4":"/resources/exam-3-problem-solving-1/data.json","65f6a7ea-1da9-932a-2939-085151ca23a0":"/resources/mit18_06scf11_ses3-8sol/data.json","665fe241-da97-5f11-95da-8e7b95ab89c6":"/resources/7b2c4e8c6b2180038bd54f8b98986c4289e3_mit_18-06sc_7ebf60274ee36570-_79cb_2011-4/data.json","6748ad54-1545-da56-b79d-ec1ddd38fc8e":"/resources/glfg2ubmaxc/data.json","67a71bb4-6905-5af1-8ddd-510d052fd63d":"/resources/pz3zyuo2gpm-5/data.json","67a97b58-e4ee-19bf-e2ac-57ab94cddff8":"/resources/mit18_06scf11_ses1-7prob/data.json","67e85afc-79de-ce18-5c29-098155875c49":"/resources/rwvi4vx4cdc-1/data.json","68f4777b-bcac-272c-9184-347a9849333a":"/resources/mit18_06scf11_ses1-10sol/data.json","6909acdb-6799-0109-9918-889d01b7d66d":"/resources/lggdigizcq0-3/data.json","6913aa2f-37da-da8f-dda3-34168b30339b":"/resources/mit18_06scf11_ses1-1sum/data.json","69b441b1-54a3-0aee-bf1f-c42fff8001ce":"/resources/rmv2rdiotsi-1/data.json","69f8d928-36fa-1181-356e-a9d7f04fd816":"/resources/d8u1lv9cnck-1/data.json","6a1ed7a3-9cbf-f2dd-88de-7c559c5373ad":"/resources/msivs_6vc38-1/data.json","6a34343b-6339-5bfe-a18c-2791a57a75c4":"/resources/tsdxjw83kya-4/data.json","6a670a59-373b-68cf-49b0-fc12f7db750f":"/resources/3cmyj8ekfgo-2/data.json","6a682e05-0639-8c57-dc7d-2fa81a36fb01":"/resources/9q1q7s1jtzu-1/data.json","6a9ccc5b-e4c4-5193-a636-8de8bcd9c10d":"/resources/y_ac6kiq1t0-4/data.json","6ac0e17f-6900-5b57-bfc2-47b9c49f2685":"/resources/lpny5qvju5w-4/data.json","6af7a00b-6851-cbcf-891d-d4aa24bdba94":"/resources/13r9qy6cmjc/data.json","6afa4343-9fd1-599f-df6a-fc8a66641e30":"/resources/1_6/data.json","6b0d21c0-6b95-5950-aa99-895be824eb2a":"/resources/lecture-28-similar-matrices-and-jordan-form-1/data.json","6b427959-303f-5dad-7992-caf382432801":"/resources/ts3o2i8_mxc-2/data.json","6b76996d-7b43-9496-fa84-345340096418":"/resources/mit18_06scf11_ses2-2sol/data.json","6c525b41-e0a7-c9f8-440d-fa4176c877ff":"/resources/mveuzzjdd1w-1/data.json","6c64bb0a-0ede-9ba8-8977-078db4563ea0":"/resources/mit18_06scf11_ses3-5sol/data.json","6ca21e0d-5d58-5315-9f0a-062deea4f9ec":"/resources/qnpj-goxw9m-4/data.json","6cd4bac2-8596-3a61-3bae-56f0457d16ab":"/resources/problem-solving-symmetric-matrices-and-positive-definiteness-1/data.json","6d3cc094-2a8d-8069-01fa-2d66843652c6":"/resources/tx_voosnhm8-1/data.json","6dba2d87-9d4f-00b4-1cdc-fca2fde10a3c":"/resources/tsdxjw83kya-1/data.json","6e1f793f-6c25-fd39-e002-c100e278bf1b":"/resources/mit18_06scf11_ses3-4sum/data.json","6e421e45-74a5-0e33-8f54-796edd0fadbd":"/resources/transposes-permutations-vector-spaces/data.json","6ec0d10f-f2b7-bf7a-18b0-30fa47f329d5":"/resources/t-n4a18aw08/data.json","6f1bab0e-f97e-5271-a527-f47de93876dc":"/resources/4pnarrxczle-4/data.json","6f48b4f2-5c2e-5522-6c22-a5b94157f837":"/resources/884c52175f0f548c4f5379ef_mit_18-06sc_7ebf60274ee36570-_79cb_2011-2/data.json","6f7a3bc7-c3fe-a17e-79e5-288c7cc743cc":"/resources/qebi0k5wfos-3/data.json","6fa51d73-6bf3-159f-25da-e2c44ee3f54e":"/resources/ben_photo/data.json","6fb918c6-5601-8cce-4d12-ff9ca351376f":"/resources/2udvruowbzg/data.json","6fcd2c02-35d1-bc09-4818-64c1c71295dc":"/resources/1_1/data.json","706c238c-8fa9-d3a7-790f-66ee3cc55401":"/resources/l88d4r74gtm-2/data.json","706ee14e-55be-cd90-389e-711e8688701b":"/resources/j7dzl2_na80-2/data.json","71428350-6c0e-add0-a7cc-d8aa6bdc4f82":"/resources/qebi0k5wfos/data.json","71e75938-ffbd-3751-0171-5c0c81c28cc8":"/resources/problem-solving-projection-onto-subspaces/data.json","724c707f-e56c-e2ac-b3c5-f8a0896e6cd6":"/resources/zwxhmbcdvfs/data.json","7285f409-8602-0f97-ebe1-38acc914c66c":"/resources/mit18_06scf11_ses3-9sum/data.json","732789d4-b5c1-247c-cab5-faf13b6f29d2":"/resources/mit18_06scf11_ses1-11sum/data.json","746b62a3-0e41-b19c-3967-00071b8786ce":"/resources/55aowkzztww-1/data.json","74adfa39-7142-e097-801f-8cb09f729046":"/resources/yzzuiyrce38-1/data.json","74db2b04-ac87-4e21-aaf8-8c92c3ac5fae":"/resources/fjspjh0b2tu-3/data.json","754d6be4-ca3c-378b-6c8b-2e4a955ffe64":"/pages/resource-index/data.json","75b06674-c5c0-542b-51d7-3280140fbce0":"/resources/oshy7ycgbae-1/data.json","75fddd14-621d-5b54-b560-ed9e020198e5":"/resources/glfg2ubmaxc-4/data.json","760addad-1e08-3515-d512-ca7b82afe11b":"/resources/exam-3-review/data.json","762499c9-cace-3e0f-4ad8-56e292452d65":"/resources/solving-ax-0-1/data.json","76991b37-fec6-d261-b1dc-3da7c4024d43":"/resources/4pnarrxczle-3/data.json","76bdb83f-e7ac-8f76-eccd-5c7c1849c50b":"/resources/mit18_06scf11_ses1-5sol/data.json","77dc5025-2462-68ae-934f-bee182e5c568":"/resources/m0sa8floaja-3/data.json","784b3ba9-72bb-3227-86a8-1bcf1968d020":"/resources/oshy7ycgbae-2/data.json","787e0f96-696d-be97-e7fa-e15700a5a92d":"/resources/problem-solving-eigenvalues-and-eigenvectors/data.json","789f87ed-894d-0525-4c8b-b49f122d57e4":"/resources/h0m2tsmspti-1/data.json","78c64d70-411e-e481-e2bb-d7a7244a0bf3":"/pages/ax-b-and-the-four-subspaces/transposes-permutations-vector-spaces/data.json","78fb9d04-e3b7-5be1-5219-7bb83fea3d13":"/resources/mit18_06scf11_ses1-8prob/data.json","78fffae3-02b5-2c86-e251-c3a17cf7ed04":"/resources/yzzuiyrce38/data.json","793cbea8-c118-cf3b-30ba-2944a5c61dee":"/resources/mit18_06scf11_ses1-9sol/data.json","79686d88-17f6-d912-28c7-3a04d5af7ade":"/resources/amqcoopbutk/data.json","79bfc676-61f7-d63d-ec82-28fb2856002c":"/resources/amqcoopbutk-1/data.json","79f4b1a0-5552-58b1-ad80-1c9bec12dab2":"/resources/ozxzhcw663g-5/data.json","7a725bd2-1c62-f132-a0bc-63e36ff168a9":"/resources/3_2/data.json","7a9d792e-a98e-a5c4-e143-e96dab607ed6":"/resources/4pnarrxczle-2/data.json","7aadf934-9df8-d886-6462-55a5ab83e424":"/pages/final-exam/data.json","7ac32be4-44c2-5e48-590f-47573833ccc6":"/resources/mit18_06scf11_ses2-4sum/data.json","7ad65525-e676-5c61-9cfa-303fc24cab3d":"/resources/ozxzhcw663g-4/data.json","7b01e635-a0cc-712a-ed3c-eef0a81d8e86":"/resources/problem-solving-orthogonal-vectors-and-subspaces-1/data.json","7b1cc3a4-2967-5f14-a15b-696abe12bd57":"/resources/rmv2rdiotsi-4/data.json","7b6181f4-94ae-16e8-4a42-295992694b23":"/resources/elimination-with-matrices-1/data.json","7b7a7cf8-c323-0884-3dfb-adde6278babe":"/resources/lecture-33-left-and-right-inverses-pseudoinverse/data.json","7b90bea0-f6ce-9bfd-c750-ada6103da88c":"/pages/positive-definite-matrices-and-applications/change-of-basis-image-compression/data.json","7bbe9a95-a404-007d-a105-0b514194b58e":"/resources/lecture-27-positive-definite-matrices-and-minima-1/data.json","7c03bd66-4692-be89-9cb2-eec9ecfade5d":"/resources/kuuxdk_v7to-3/data.json","7c283d19-f8bf-10f3-c336-71c420bd1908":"/resources/8o5cmfpeo6g-1/data.json","7c7219cb-6517-6015-a744-2048e3de3a75":"/resources/cfn2zuuwpd0-1/data.json","7c8f95b6-e9b1-bb1a-a976-459a9de729bb":"/resources/mveuzzjdd1w-2/data.json","7cc74e90-be69-5a75-84d8-8df4b8ff3d57":"/resources/884c52175f0f_mit_18-06sc_7ebf60274ee36570-_79cb_2011-5/data.json","7ce6815f-fe9e-c371-29e5-81485494acde":"/resources/mit18_06scf11_ses3-7sum/data.json","7d27ea06-6c11-5df5-bbbf-4029fa8aeb26":"/resources/amlektjr5_u-4/data.json","7db51b0e-be09-6ee5-7bb0-e6bcf9a1b43d":"/resources/baboztm9q1w-1/data.json","7e5ecaf2-493c-109d-81ba-e796eff9ed9e":"/resources/4e097ef47a7a95f476845b507a7a95f4_mit_18-06sc_7ebf60274ee36570-_79cb_2011-1/data.json","7f166f18-ce23-b5a4-74e2-d4466d4fffad":"/resources/l88d4r74gtm/data.json","7fdd14a4-23ff-5026-8754-184dd534e634":"/resources/23llb9mnjvc-4/data.json","7fef2f26-8573-98d5-a960-29f416f07261":"/resources/mit18_06scf11_ses3-6sol/data.json","7ffddf2f-88df-338a-28be-a4426a0b7093":"/resources/lecture-26-complex-matrices-fast-fourier-transform-fft/data.json","80145cbb-d7e3-ccd4-a67b-5f62b01ea131":"/resources/solving-ax-b-row-reduced-form-r-1/data.json","804ab1e5-3134-741d-2044-d241b50a285e":"/resources/mit18_06scf11_ses3-1sum/data.json","8080e0a1-cd5d-6d14-4eb3-63675ff2ce1e":"/resources/fjspjh0b2tu-1/data.json","815ad23f-78e1-1c1a-7d28-2022fc2db3a9":"/resources/mit18_06scf11_ses2-3sol/data.json","81b3df44-aac5-02c5-cc54-c1e500744b70":"/resources/qnpj-goxw9m/data.json","82353e38-8649-de42-ddd8-232a4704181f":"/resources/rmv2rdiotsi-3/data.json","82b0ea12-0c0d-050c-ca29-2f8e1b7d8a55":"/resources/independence-basis-and-dimension-1/data.json","8320d506-35cc-029e-9ae6-7f45968e617e":"/resources/inverse-matrices/data.json","832ceb87-f20f-cd83-981c-236a6c11e277":"/pages/positive-definite-matrices-and-applications/exam-3-review/data.json","835b7ef3-b33a-ee63-38e6-1b89b3f10c7b":"/resources/yzzuiyrce38-3/data.json","83abd587-299d-706c-a571-360e45d3968a":"/resources/7uj4cfrgd-u/data.json","83daa789-4c9b-a2c7-ac6c-afe27aef0e1c":"/pages/positive-definite-matrices-and-applications/symmetric-matrices-and-positive-definiteness/data.json","8405a5ca-5e7b-50b4-8923-7aa5c2b06dc5":"/resources/ucc9q_cahho-4/data.json","86814e7c-3b4e-533b-a325-bbfb20b86cc0":"/resources/0h43av4ah7i-5/data.json","86cb2711-cb7c-4313-42de-c1540dfe8ce2":"/pages/least-squares-determinants-and-eigenvalues/cramers-rule-inverse-matrix-and-volume/data.json","86dc064f-1b3d-e4ac-ce85-0f7bd52303ab":"/resources/problem-solving-properties-of-determinants-1/data.json","873cda72-4846-b606-b4bf-8c57c8a5c139":"/resources/psbafxdhdge/data.json","88c9d019-8d5a-5b3b-81e6-d41fbfa26552":"/resources/cdznhqjju4i-4/data.json","89bed673-2433-3da7-912b-b81212cd512f":"/resources/ts3o2i8_mxc-1/data.json","89e753b4-5eed-4378-2882-1e585bed0e59":"/resources/mit18_06scf11_finalrevsum/data.json","89f95e05-13ec-f404-5ca1-cea284399448":"/resources/problem-solving-determinants-1/data.json","8a6b89be-ae23-e0a1-d54b-747c17bd6fea":"/resources/the-four-fundamental-subspaces-1/data.json","8a8c9675-8f45-cd0d-32d8-b96e73114213":"/resources/vf7eyj2g3ku-1/data.json","8ab7f586-5932-2d43-32fd-052e8f7788ca":"/resources/hgc1l_6yskc-2/data.json","8b7622bf-5944-9df1-c892-08bb3d10a0a9":"/resources/ucc9q_cahho-1/data.json","8b8f9078-a29f-76c6-feba-bd9497648433":"/pages/related-resources/data.json","8bcdd1d9-795d-5586-5119-bb010765a021":"/resources/mit18_06scf11_ses1-11prob/data.json","8be90057-9381-41d7-712d-45f0e42d1cfc":"/pages/ax-b-and-the-four-subspaces/graphs-networks-incidence-matrices/data.json","8bf47bec-4482-5fe0-9c0b-314bfbd4d84c":"/resources/tsdxjw83kya-3/data.json","8bfd9a7e-c977-5ee9-a399-55b05c7f2f92":"/resources/oshy7ycgbae-5/data.json","8c0bdf5b-e485-55d4-aa7d-42a70056a20d":"/resources/h9adgvw59tu-4/data.json","8c2761c8-fcb1-5bfa-a495-487f7b8a4bba":"/resources/nhle7egjfds-4/data.json","8c39df46-4439-ee65-cb49-df199f024ef8":"/resources/yeyrh-oc2p4/data.json","8c6b1d8e-1f8f-c4fc-78a5-4ed63c2aa1d3":"/resources/lecture-22-diagonalization-and-powers-of-a/data.json","8cba30ba-0cd3-4e1a-ab31-b20b3237de97":"/resources/fx4c-jptfgy-3/data.json","8d8f20b1-3452-120e-6056-3872e0f0b008":"/resources/lecture-24-markov-matrices-fourier-series-1/data.json","8e3fb288-7260-55de-ae77-bd4f4b3346c1":"/resources/hgc1l_6yskc-4/data.json","8e4cf2ae-351b-b082-c3f5-6fa61c6e0278":"/resources/18-06classroom/data.json","8e710a09-fcfd-fd79-9408-3468222efea9":"/resources/mit18_06scf11_ses3-6prob/data.json","8e991a3a-8eea-5315-8554-cf07fc225d8a":"/resources/55aowkzztww-5/data.json","8e9ccbcc-1330-0a9b-da7f-24a684bd16b6":"/resources/mit18_06scf11_ses1-3prob/data.json","8eb10994-bc81-c3a9-c1ae-54654ae36d63":"/resources/7ebf60274ee36570768451e04f558868793a_mit_18-06sc_7ebf60274ee36570-_79cb_2011-1/data.json","8ed0a183-bca7-87a0-72af-38300196fdb0":"/resources/vys9eyz3gco-2/data.json","8ed637ed-491b-b5db-db8e-31b243977e0c":"/resources/basis-and-dimension/data.json","8eda9e40-2cda-2059-5313-df924fa41800":"/resources/m0sa8floaja-2/data.json","8f33cda6-3dc9-109a-0110-eb47e3c1f7c9":"/resources/the-geometry-of-linear-equations-1/data.json","8f4d1bf6-fe6c-33b9-3070-e3efc4cbb7df":"/resources/unit_2_wide/data.json","8feb936c-240f-5fb1-93da-9707bbf48767":"/resources/-ea2d_ricna-5/data.json","8ff8333e-bc24-5969-2f4e-0b94778b348b":"/resources/exam-1-problem-solving-1/data.json","900216a6-4687-5d3f-843d-af2792241290":"/resources/cfn2zuuwpd0-5/data.json","915c7251-42a4-d2ed-686c-ad3352988e41":"/resources/problem-solving-markov-matrices-1/data.json","91b816b9-43c5-6f47-c523-5dc9a1da689f":"/resources/problem-solving-least-squares-approximation/data.json","91bc2a7b-a124-f1c8-4236-e056732a8d89":"/resources/vf7eyj2g3ku-3/data.json","924857f4-7516-8499-41e6-217c76d3b357":"/resources/j7dzl2_na80-1/data.json","925db4fb-1b3e-65f1-d1df-092ab4650e4b":"/resources/7b2c4e8c6b2180038bd54f8b98986c4289e3_mit_18-06sc_7ebf60274ee36570-_79cb_2011-3/data.json","92b86aaa-4f5f-4cce-178c-69faeb52039e":"/resources/mit18_06scf11_ex3s/data.json","92d2c2fb-8a6e-59c1-b4de-8cc306896b35":"/resources/mveuzzjdd1w-5/data.json","930be13c-8240-0f4e-111f-1abb0eab5e1d":"/resources/55aowkzztww-2/data.json","93780a20-470c-61ac-9aaf-94e9d3495b02":"/resources/b17h10ef59g/data.json","944c197c-016a-0c53-8f01-08eac297793a":"/pages/least-squares-determinants-and-eigenvalues/markov-matrices-fourier-series/data.json","9453ea0a-94bc-7c74-ec1f-d1b5a1735673":"/resources/exam_1/data.json","94cdc4af-9e10-94bf-8301-b6eca90fa986":"/resources/3_6/data.json","94f97bee-bd03-9bd5-5237-a1cd52113849":"/resources/9q1q7s1jtzu/data.json","950df661-ba81-8b59-4357-aa6ab9c70ad4":"/resources/vf7eyj2g3ku-2/data.json","95b689b2-2df5-ad61-0897-6c40b92a97ac":"/resources/problem-solving-markov-matrices/data.json","963d930e-3733-f65e-0e34-37c24770ae45":"/resources/4e097ef47a7a95f476845b507a7a95f4_mit_18-06sc_7ebf60274ee36570-_79cb_2011/data.json","96bf84be-7938-dc3b-2385-a4b7991c27c2":"/resources/izqwi0wjovm-3/data.json","96c54e1c-7611-00c4-b258-7ddaf4f876b2":"/resources/lecture-31-change-of-basis-image-compression/data.json","96f9523f-6c72-5d45-9f0d-839963c9ff1f":"/resources/3cmyj8ekfgo-4/data.json","9769cd77-2501-c235-694e-35ef830de17e":"/resources/recitation-elimination-with-matrices/data.json","97c85923-c972-2f90-5179-d71ed2766c37":"/resources/lecture-24-markov-matrices-fourier-series/data.json","97f5a4d9-abaf-5034-93b2-95487f5d1e99":"/resources/j7dzl2_na80-4/data.json","9815f4e9-b361-4dc5-5d84-f8d49568fd5c":"/resources/ucc9q_cahho/data.json","983528fc-6ab8-4907-7d5b-e1252652f08e":"/resources/lecture-16-projection-matrices-and-least-squares/data.json","98668095-3889-5b63-9a4c-5f52008c03b6":"/resources/amqcoopbutk-4/data.json","988ef84a-c2bc-55e6-7b4b-642068d58075":"/resources/qnpj-goxw9m-3/data.json","98f3eaba-94db-a593-83b1-e1112df4529e":"/resources/graphs-networks-incidence-matrices-1/data.json","9934a9cd-504b-678c-0b5b-dee566959f4d":"/resources/4e097ef47a7a95f476845b507a7a95f4/data.json","99502471-b977-f207-a8b5-a2c89b2e218f":"/resources/55aowkzztww-3/data.json","99623eb2-15f9-f22c-4b1c-6d99be4334aa":"/resources/lecture-20-cramers-rule-inverse-matrix-and-volume-1/data.json","999fd229-c51c-5e57-9c27-f2e3793ae7c2":"/resources/5fae520665b97a0b6307657077e99635_-at-_mit_18-06sc_7ebf60274ee36570-_79cb_2011-5/data.json","99e38be4-4f21-5d4c-93d6-ebac6fd2516d":"/resources/4e097ef47a7a95f476845b507a7a95f4_mit_18-06sc_7ebf60274ee36570-_79cb_2011-4/data.json","9a45efd5-7ec6-8498-0323-4fd524dac66c":"/resources/7uj4cfrgd-u-1/data.json","9a8388c4-0415-96c7-65ab-6e004fa06e3a":"/resources/column-space-and-nullspace-1/data.json","9b2324e2-3193-d05a-fe3a-6f1a555f60f5":"/resources/23llb9mnjvc-1/data.json","9b3392d9-9beb-d110-47c3-6d07bc404bbc":"/pages/positive-definite-matrices-and-applications/linear-transformations-and-their-matrices/data.json","9c2e31b4-d527-feed-3d7e-6686c8368b80":"/resources/exam_3_review/data.json","9c33f78f-9668-ddbd-935c-178778c8140e":"/resources/yjberm5jwsc/data.json","9c79272f-b1c9-db53-64f5-475c241c3fde":"/resources/884c52175f0f548c4f5379ef_mit_18-06sc_7ebf60274ee36570-_79cb_2011/data.json","9cfe4adb-de8d-61c1-de3f-e3bad764f25d":"/resources/h9adgvw59tu-3/data.json","9d338faf-be55-8abc-07a7-3a577ff70012":"/resources/baboztm9q1w/data.json","9dc6bf7f-9d4b-ba51-bc9f-5c9091bd8d52":"/resources/mit18_06scf11_ses2-10sum/data.json","9dc7b19c-3051-5c7a-81f0-ceea3938a738":"/resources/t-n4a18aw08-2/data.json","9e4e931d-2e5f-cfb8-14ec-2409cea35177":"/resources/jibvxbelkl0-3/data.json","9e725ec6-656b-5f94-8ea1-7835e660b4fb":"/resources/quzl5ikpo_u-5/data.json","9e975b7c-d715-1ded-7c32-84771ef56d4f":"/resources/tsdxjw83kya-2/data.json","9ebb6719-e685-5bc8-b1ac-71fb96d53be7":"/resources/b17h10ef59g-4/data.json","a034549d-add9-9fe2-c727-8d6412ddc39f":"/resources/mit18_06scf11_ses3-3sol/data.json","a04e75f7-30f0-e3e6-758d-5a61e83cbd59":"/resources/0mtwqhiwdri-3/data.json","a0868deb-1ff4-58a0-2e5d-65259ef0f4c4":"/resources/srxexlishgy-3/data.json","a1896ecf-b760-0561-6662-8ff87dd25156":"/resources/5igtfgpqlkw-3/data.json","a1abd37b-db84-3609-de29-1dd0ff7465c8":"/resources/lecture-19-determinant-formulas-and-cofactors/data.json","a1b99024-68c1-e86a-f069-0a4f731c7739":"/resources/cfn2zuuwpd0-3/data.json","a1cb7469-ca23-dd11-da0d-859fb68202fe":"/resources/2_4/data.json","a1eca5b4-6b97-3dc4-f212-e7d1a57dc60a":"/resources/oshy7ycgbae-3/data.json","a20636d3-e552-5c98-a7f1-ab9a1a092659":"/resources/srxexlishgy-4/data.json","a248b06d-4ecc-4ea1-2bb9-b2bcf196fd86":"/resources/computing-the-four-fundamental-subspaces-1/data.json","a2649a29-4ba2-59f9-98f8-821ea1b84c4d":"/resources/rmv2rdiotsi-5/data.json","a2679342-9534-b75a-1c47-bda84e444859":"/resources/2_5/data.json","a2923268-0a30-4e8f-aeba-bce0fc54e1de":"/resources/lecture-25-symmetric-matrices-and-positive-definiteness/data.json","a2a1c9d0-7be6-50d8-b034-d59d254a8ae3":"/resources/msivs_6vc38-4/data.json","a2acf17d-7856-1e52-4b0f-f9919ff2c261":"/resources/solving-ax-b-row-reduced-form-r/data.json","a2ffc05a-17bf-f342-c1dc-14d374d72117":"/resources/4pnarrxczle/data.json","a30fc93b-54c4-c886-b69e-b617f6471973":"/resources/vys9eyz3gco-3/data.json","a3271a87-834d-ec65-3436-5d672a2f0e10":"/resources/the-geometry-of-linear-equations/data.json","a4bc4161-403c-3020-48c0-4c1ee38834b0":"/resources/lecture-29-singular-value-decomposition/data.json","a551d5c3-0fd0-56f8-8a0c-e84042e9c7f4":"/resources/zwxhmbcdvfs-5/data.json","a582f123-a7db-2706-8432-ac7650a99839":"/resources/7ebf60274ee36570768451e04f558868793a/data.json","a59901ce-cbc5-cc41-0b70-2826dc2ae39b":"/pages/final-course-review/data.json","a5b090d9-2c33-0788-febc-5b2092906af9":"/resources/mit18_06scf11_ses2-8sol/data.json","a5f152ce-863b-b363-fa7b-a97e6c66a867":"/resources/fzncdo1esni-1/data.json","a66cfc55-e6e8-5ebf-bfcf-1992ec3f3e20":"/resources/2udvruowbzg-5/data.json","a6a838b1-045c-56a3-0b9c-855c238e7a31":"/resources/lecture-23-differential-equations-and-exp-at-1/data.json","a6cb6916-486e-6185-cb27-94f184a58fac":"/resources/lecture-25-symmetric-matrices-and-positive-definiteness-1/data.json","a73ef3ee-3497-e94a-9262-b1aca38a1143":"/resources/solving-ax-0-pivot-variables-special-solutions-1/data.json","a8308d4a-7c88-5854-40dc-51ea8aa9a1bd":"/resources/matrix-spaces-rank-1-small-world-graphs-1/data.json","a9361fe2-89da-445a-7ca1-fe2f88b55ca7":"/resources/mit18_06scf11_ses1-6sum/data.json","a93a8907-e28f-63a1-e612-f8ce1537d802":"/resources/884c52175f0f548c4f5379ef_mit_18-06sc_7ebf60274ee36570-_79cb_2011-3/data.json","a9652bc6-b7e9-fd00-2e62-5a7bc634e927":"/resources/0h43av4ah7i/data.json","a9a3121e-445d-27ee-7f5d-c1e92968e07e":"/resources/2_9/data.json","a9e136d7-f2c9-ebf2-ee5b-fd895382ccc9":"/resources/l88d4r74gtm-3/data.json","aa3976f1-6753-5981-a747-6f96c5828c40":"/resources/0mtwqhiwdri-4/data.json","aa40f3aa-201c-22de-4560-52b60f9cd2fc":"/resources/multiplication-and-inverse-matrices/data.json","aaf7b611-35ed-6575-e3d3-cfe857a3946b":"/resources/rwvi4vx4cdc-3/data.json","ab040c17-91a2-dbfe-0cb9-75cf0190634f":"/pages/positive-definite-matrices-and-applications/left-and-right-inverses-pseudoinverse/data.json","ab461539-65f8-be2a-eb39-3f4dc4cd6c5d":"/resources/d8u1lv9cnck-3/data.json","ab4673a5-3445-5eb1-a588-d6ff0485c033":"/resources/fjspjh0b2tu-4/data.json","ab6c3642-65de-5838-97ed-42a2ffa74491":"/resources/6-wh6yvk6uc-4/data.json","ac8aac66-5b4b-53b6-d9af-5d658f92a4dd":"/resources/yjberm5jwsc-3/data.json","ad862b68-e232-3331-fd3e-e944ed704f38":"/resources/18-06scf11/data.json","ada5ab65-5c7e-899f-fe04-94d1285c6ab7":"/resources/srxexlishgy/data.json","ae04324b-a2dd-8a0c-c84a-2a62bc1fbb00":"/resources/1_5/data.json","ae051c7b-15bd-2048-1cba-b408d5fca486":"/resources/l88d4r74gtm-1/data.json","ae27336e-dabe-a99b-cde8-649185987f5b":"/resources/mit18_06scf11_ex1s/data.json","afe0e43e-133e-663f-bea3-a48fb8372bfa":"/resources/nhle7egjfds-1/data.json","afe66f8e-2c8a-f216-34f4-261b58ca7f09":"/pages/least-squares-determinants-and-eigenvalues/exam-2/data.json","b04eebcf-34c1-2526-85ce-2f80e4257475":"/resources/5fae520665b97a0b6307657077e99635-at-1/data.json","b0aca3af-7546-66df-f0ab-394cf36afaec":"/resources/mit18_06scf11_ses2-4prob/data.json","b142d13c-e9c6-92a9-b5b7-be4ae68716f5":"/resources/go2alo7zolu-2/data.json","b2353ccb-012b-52c4-6857-6734c2a3dfad":"/resources/6-wh6yvk6uc-2/data.json","b239a3e8-abe7-5006-8f34-25cb780f07d4":"/resources/hequn0qelsq-4/data.json","b31eeed8-5008-5d9c-865d-a4c8dc6858c8":"/resources/izqwi0wjovm-4/data.json","b358f2d2-8636-54b7-503b-47b34cc0953a":"/pages/positive-definite-matrices-and-applications/similar-matrices-and-jordan-form/data.json","b3714d52-ef94-3390-d8d6-b490460f96a9":"/resources/subspaces-of-three-dimensional-space/data.json","b383d7a8-83d7-7098-7459-b09e9c7976a8":"/resources/lpny5qvju5w-1/data.json","b547dd41-53cc-c350-860d-f8f43085c2d6":"/resources/mit18_06scf11_ses1-14sum/data.json","b555b03e-3f2e-5486-9067-cce778afaf7d":"/resources/yjberm5jwsc-4/data.json","b5e3150b-28d9-5194-1835-254202998b59":"/resources/9q1q7s1jtzu-2/data.json","b624bb07-efd1-fbc6-b1e6-eb86da50b65d":"/resources/factorization-into-a-lu-1/data.json","b69afa4c-0de4-5506-b28e-be15a4099ee5":"/resources/glfg2ubmaxc-5/data.json","b69b48b6-183d-192d-487d-cad7cd6481e4":"/resources/vqp2tremvt0/data.json","b6fc5508-823f-5948-aeef-044f9ecdb867":"/resources/j7dzl2_na80-5/data.json","b7d47286-42ef-5ea8-aafa-96b9a2445bd0":"/resources/qqpvglf_1qo-5/data.json","b7f1b40a-2043-0a1f-a722-2bdfa8daa126":"/resources/mit18_06scf11_ses2-9sol/data.json","b80a81dc-1e53-53c8-da0c-47bdc7d3a10c":"/resources/geometry-of-linear-algebra-1/data.json","b892f70d-4090-a99f-acba-125fc44c78d6":"/resources/1_13/data.json","b8e9b892-6e79-b390-57d6-5b317e028de1":"/resources/izqwi0wjovm-2/data.json","b8ec077a-9033-5789-bab9-fc1b655c2a21":"/resources/vqp2tremvt0-5/data.json","b96aab30-dca7-e88a-637e-3e98932de472":"/resources/glfg2ubmaxc-1/data.json","b98d6e16-9328-3306-8bfd-c7b6a3e0762d":"/resources/nhle7egjfds/data.json","b9ed5faa-b464-dd4d-b269-11aef4955f54":"/resources/qqpvglf_1qo/data.json","ba18144b-041f-7ba5-3940-ecb53373507a":"/resources/subspaces-of-three-dimensional-space-1/data.json","ba37cda5-9a77-cb70-a283-aabd357f0c6e":"/resources/2udvruowbzg-3/data.json","bb0bb32a-8bfa-5e6a-9d6d-53331a846cad":"/resources/oshy7ycgbae-4/data.json","bb16f055-bb0c-2fa6-b00b-24a82c138877":"/pages/ax-b-and-the-four-subspaces/column-space-and-nullspace/data.json","bba3c75a-e696-682c-cada-e215474141b5":"/resources/mit18_06scf11_ses2-11prob/data.json","bbc314fd-b0ed-c68e-e5d9-09e06bc026f0":"/resources/h0m2tsmspti/data.json","bc7f5220-c5a8-edd1-397f-14b5f99835b6":"/resources/qqpvglf_1qo-3/data.json","bc9bd9fa-ef50-5b8e-830a-29ac7034ef92":"/resources/my5w4mxwbew-4/data.json","bcb9475b-6b6b-0e5a-600d-af900aa8ead0":"/resources/mit18_06scf11_ses3-5prob/data.json","bcc8464e-54a4-c64f-21bd-78a3d6b74941":"/resources/an-overview-of-linear-algebra/data.json","bcf885c6-2234-4a5b-868d-306a0a84a34d":"/resources/problem-solving-determinants-and-volumedifferential-equations-and-exp-at/data.json","bd57c3b2-04a5-3014-efb6-98145b3f0cc4":"/resources/cdznhqjju4i-3/data.json","bd859a9f-2d8f-508a-87dc-2f7950e1784b":"/resources/baboztm9q1w-4/data.json","bd917ba3-8f7d-2ee5-6b5a-b40591f7ab37":"/resources/osh80ycg_gm/data.json","be2b1576-e95e-561a-a993-d17aafd2df4c":"/resources/srxexlishgy-5/data.json","be691a89-76e7-e7b9-4683-4654669c24d7":"/resources/mit18_06scf11_ses2-10prob/data.json","bec13360-4fca-452b-651d-2a590a3ec71d":"/resources/hequn0qelsq-2/data.json","bef2d416-48c0-b324-d409-6a02c846c947":"/resources/3_7/data.json","bfd7faab-e016-71d6-8d35-acd3909a0756":"/resources/3_4/data.json","bfe409a1-2417-5b85-9215-1c3c4651ea70":"/resources/ts3o2i8_mxc-5/data.json","c055bbb4-ebda-19fc-eecf-04c9c3f05cc4":"/resources/mit18_06scf11_ses2-10sol/data.json","c07620f4-18dc-c36b-32cf-a5541408489a":"/resources/8o5cmfpeo6g-2/data.json","c0a61f86-b1cb-7c8b-cb9d-140b4e94bdae":"/resources/mit18_06scf11_ses1-4sol/data.json","c0ad50f8-95f5-c01e-792b-049d51f182d1":"/resources/exam-2-problem-solving-1/data.json","c10d16a9-4717-58cc-a6e5-3121a4303ad4":"/resources/55aowkzztww-4/data.json","c130e36d-70eb-a3fe-a7a7-830c2ac2f7b7":"/resources/unit_3_wide/data.json","c13e72ac-62b1-fd01-f2f0-0503d3b6ac1f":"/resources/baboztm9q1w-3/data.json","c18abbf2-5e38-59b9-8621-016feb9043c0":"/resources/vf7eyj2g3ku-5/data.json","c1f532d5-dea4-fc5c-4198-13efb0683e20":"/resources/h9adgvw59tu/data.json","c1f8623e-44a4-6efd-c5eb-9962ae31ecd3":"/resources/884c52175f0f548c4f5379ef-1/data.json","c224c7a5-5a1a-caf3-64d0-ff4f01b057b2":"/resources/mit18_06scf11_ex2s/data.json","c2274531-c786-5da1-9fad-f7b4562aed7f":"/resources/23llb9mnjvc-5/data.json","c2eebee9-2367-6ddc-a0b5-db2709dd214e":"/resources/s8dqzje4v8u/data.json","c33566cd-cab6-8df5-31c4-bba171843a74":"/resources/an-overview-of-linear-algebra-1/data.json","c3f237b7-0703-a56e-061e-9d16139ffbde":"/resources/hequn0qelsq-1/data.json","c42458bf-0803-65d8-7384-374b7e7b3a38":"/resources/problem-solving-linear-transformations/data.json","c4720565-728a-4617-0e43-0305bec41488":"/resources/1_9/data.json","c496537d-5739-582a-9928-8b4b3b92c33f":"/resources/13r9qy6cmjc-5/data.json","c49d8a54-6b1c-70fa-f195-751f46042b06":"/resources/amqcoopbutk-2/data.json","c4e6ee56-ab23-7320-a8c3-605b65a79944":"/resources/baboztm9q1w-2/data.json","c501620f-128a-b205-bc26-7770934d707a":"/resources/mit18_06scf11_zoomnotes/data.json","c569507e-580d-591c-5ea0-faf1b6badd97":"/resources/msivs_6vc38/data.json","c5961452-fbb3-1f8a-0b34-ecd0ffc5cdc4":"/resources/mit18_06scf11_ses1-4sum/data.json","c5c4b500-a5b5-aed0-1596-0b79e54350ba":"/resources/problem-solving-complex-matrices-1/data.json","c6606cdd-9775-d774-f694-cdc5e6c30381":"/pages/ax-b-and-the-four-subspaces/multiplication-and-inverse-matrices/data.json","c672fa05-2ba1-55ca-b267-21352d3ca2ba":"/resources/vf7eyj2g3ku-4/data.json","c75e4546-e980-a4f3-4fba-9c17295b6b7b":"/pages/positive-definite-matrices-and-applications/positive-definite-matrices-and-minima/data.json","c7c130b9-288c-108b-8c30-c079350b6f9d":"/resources/exam-1-problem-solving/data.json","c835d375-87b4-9f8b-6978-285cdb7b4ad2":"/resources/lecture-27-positive-definite-matrices-and-minima/data.json","c8a22883-b5e0-cc40-2b3d-f9c1d754ef5b":"/resources/mit18_06scf11_ses2-11sum/data.json","c98f6235-36a0-969e-6e0e-b33ce42a84d8":"/resources/lecture-18-properties-of-determinants/data.json","ca236047-66b4-706e-b67f-e6a4b915eb82":"/resources/exam-1-review-1/data.json","ca893871-3de0-8907-994e-9be8b7c8630a":"/resources/mit18_06scf11_ses3-2prob/data.json","ca8b2f24-428c-3ab6-c747-57ae5ff5056b":"/resources/mit18_06scf11_ses1-13sum/data.json","cadacc63-b8e8-3080-a955-c47279d51820":"/resources/jibvxbelkl0/data.json","cb182109-4506-23ef-94de-f421583f1bb4":"/resources/y_ac6kiq1t0-1/data.json","cb2e2e39-4709-5f17-e0b1-70f5ec6986b7":"/resources/quzl5ikpo_u-2/data.json","cb4684aa-f8a5-5bee-b066-aefd226b796c":"/resources/m0sa8floaja-5/data.json","cbd6fc5f-658b-57c1-627d-ea95b43dbad1":"/resources/lecture-30-linear-transformations-and-their-matrices/data.json","cbdfef8a-98d8-5191-9481-1ead12294d68":"/resources/4e097ef47a7a95f476845b507a7a95f4_mit_18-06sc_7ebf60274ee36570-_79cb_2011-5/data.json","cc052ad4-151e-5cc3-a2e0-653c4adb5a07":"/resources/0objn8f616u-5/data.json","cc79f04d-92ee-2827-5878-0bac2ec5e403":"/resources/mit18_06scf11_ses2-6sum/data.json","cc826f0d-28ea-422c-b165-3b59125aef93":"/resources/exam-2-problem-solving/data.json","cc829145-eee5-220b-2024-424bcb14c263":"/resources/mit18_06scf11_ses3-6sum/data.json","cc8802cd-4ca6-4c21-183d-9eddb4454f3f":"/resources/an-overview-of-key-ideas-1/data.json","ccd5033b-1cd4-4c63-a0b1-b39fbc8973fd":"/resources/glfg2ubmaxc-2/data.json","cd3adee5-4ac9-54a3-80b2-1ea51036c8ca":"/resources/0h43av4ah7i-4/data.json","cd88bbfb-516b-50ad-85f9-364b11721938":"/resources/-ea2d_ricna-4/data.json","ce4a1a46-dba6-506f-9b78-de35e746ba62":"/resources/9q1q7s1jtzu-4/data.json","cec032ac-c79c-a5be-5648-5a2e0c09d571":"/resources/psbafxdhdge-3/data.json","cf286a54-10cb-590f-b6e9-5550cfccc4ec":"/resources/884c52175f0f548c4f5379ef_mit_18-06sc_7ebf60274ee36570-_79cb_2011-5/data.json","cf325539-d969-4ecc-9038-96ebbe64b448":"/resources/hexagonart/data.json","cf73d07a-c972-ab3c-450a-0f10d0be0664":"/pages/least-squares-determinants-and-eigenvalues/data.json","d0311982-930f-8e51-9aa7-d183c4b2caea":"/resources/orthogonal-vectors-and-subspaces-1/data.json","d0371723-a95f-b607-847c-5fcca1fb04fd":"/resources/msivs_6vc38-2/data.json","d0579535-5f5c-be35-356a-4a1b39658336":"/resources/mit18_06scf11_ses2-9sum/data.json","d0801641-4ae4-5eae-ac64-0f017af6396b":"/resources/6-wh6yvk6uc-5/data.json","d09e7d23-145c-bcbb-5704-780df9e910df":"/resources/amlektjr5_u-2/data.json","d10b5b22-9537-63dd-dc04-f0d472d1d80c":"/resources/vqp2tremvt0-3/data.json","d163e012-7542-58d3-b374-548504d8a18a":"/resources/mit18_06scf11_ses3-3sum/data.json","d187d604-f915-b33c-101c-76548610ff90":"/resources/2_3/data.json","d232f103-112b-e5f3-e7bb-1b2b344604c8":"/resources/final-exam-problem-solving-1/data.json","d273f75e-e255-2a5c-3c35-ccab37e5edce":"/resources/mit18_06scf11_ses3-5sum/data.json","d29f17df-7f30-4fe4-e62e-88a1da38ec91":"/resources/lpny5qvju5w/data.json","d2dc903c-a48f-3d1f-fa15-28abde719c94":"/resources/mit18_06scf11_ses1-3sol/data.json","d2f78aa2-97e6-82cc-aea1-20a362c5d934":"/pages/positive-definite-matrices-and-applications/complex-matrices-fast-fourier-transform-fft/data.json","d34aa696-5bfa-5047-afe5-0f81ea583982":"/resources/hequn0qelsq-5/data.json","d3632ad4-c876-cabb-2cd7-e4e2c0ce0c5a":"/resources/matrix-spaces/data.json","d3b548d2-c86e-5f59-9f69-17b90bb95225":"/resources/d8u1lv9cnck-5/data.json","d3c0898b-867b-1ae0-9688-ea8d5db4fa03":"/resources/yeyrh-oc2p4-1/data.json","d3ee9566-4627-55a6-7ad9-d3af243cd17a":"/resources/mit18_06scf11_ses3-4sol/data.json","d4004842-b468-da76-28c4-22e2e403ba2c":"/resources/mit18_06scf11_ses2-6prob/data.json","d404622e-0a39-f004-d40e-f4bea4c52929":"/resources/13r9qy6cmjc-1/data.json","d4054895-51c1-1a1d-f93f-2701ec42740a":"/resources/final-exam-problem-solving/data.json","d4585408-79f4-5dc6-8125-13b79cc0ab25":"/resources/mmwqgd4urso-4/data.json","d4c3c515-9af8-ce44-482c-950c4a112250":"/resources/my5w4mxwbew-2/data.json","d5e9b3da-c09b-d419-88d0-cba7ed021efc":"/resources/mit18_06scf11_ses1-7sol/data.json","d63b2e0f-98a2-047a-b0ee-379b8734e75b":"/resources/vf7eyj2g3ku/data.json","d6d7b8f9-7296-fbda-d85e-54a12c580630":"/resources/matrix-spaces-1/data.json","d71b25b9-42dd-3dec-0ede-49d712deb4b0":"/resources/mit18_06scf11_ses1-12sum/data.json","d7fb35f3-65c2-d468-6ef3-009c878ed90b":"/resources/5igtfgpqlkw-1/data.json","d83ded90-24aa-e131-0ab3-236a216d34d7":"/resources/fx4c-jptfgy-1/data.json","d85abdc5-7e0c-75fb-b35c-b9e25263294f":"/resources/mit18_06scf11_ses1-8sol/data.json","d884415d-8533-b2bc-e595-c5817459c53f":"/resources/kuuxdk_v7to-1/data.json","d8bfec09-9d4b-822e-0bc9-373aa18166ff":"/resources/lecture-33-left-and-right-inverses-pseudoinverse-1/data.json","d8efae91-2fd6-02f9-ac2e-2cb9d064d22e":"/pages/syllabus/data.json","d90b1bb2-f3ac-0e8c-593b-763afdcc14e2":"/resources/computing-the-four-fundamental-subspaces/data.json","d914ed3b-6d96-85d2-b783-a4f40fe46f78":"/resources/1_8/data.json","d9154343-9c69-ed9a-21cf-24981ab4ba98":"/resources/mit18_06scf11_ses2-7prob/data.json","d94f3334-abfe-0191-08e3-22679188fe85":"/resources/oshy7ycgbae/data.json","d95e4c0b-c5d2-5361-aa62-af021bae9a7a":"/resources/7ebf60274ee36570768451e04f558868793a_mit_18-06sc_7ebf60274ee36570-_79cb_2011-5/data.json","d9758090-8025-5021-a562-fe1eb39b5c12":"/resources/h0m2tsmspti-4/data.json","da3102b8-3af8-ca9c-5195-00bb85334fcc":"/resources/elimination-with-matrices/data.json","da4b7e23-d06e-6fc5-e419-1a667b78e886":"/resources/rmv2rdiotsi/data.json","da7edc26-bc12-b2ac-a08b-beff1dc2f25f":"/resources/my5w4mxwbew-1/data.json","db45d276-fad6-eb49-f42e-287aaa9e22b6":"/pages/least-squares-determinants-and-eigenvalues/properties-of-determinants/data.json","dcaf3607-3c86-80f7-e3e9-f3788e80fea4":"/resources/7b2c4e8c6b2180038bd54f8b98986c4289e3_mit_18-06sc_7ebf60274ee36570-_79cb_2011-2/data.json","dcb9a660-b4e1-e1d4-837b-ad83344a716e":"/pages/least-squares-determinants-and-eigenvalues/diagonalization-and-powers-of-a/data.json","dcc02491-b2c1-dc3a-4f93-38a82f7537dd":"/resources/nhle7egjfds-3/data.json","dd72d7f7-8da1-5401-b904-eb697b4cf274":"/resources/lggdigizcq0-5/data.json","dd79fb10-abda-af8e-a21c-942349700c31":"/resources/exam-2-review-1/data.json","dd8682e0-d4a5-df4c-e8b5-d65095a63592":"/resources/mit18_06scf11_ses3-4prob/data.json","ddd04933-92df-528e-a8b7-c3313ba313cf":"/resources/3_8/data.json","dddb31df-e72d-2e2e-2fd0-9e74713b7775":"/resources/mit18_06scf11_ses1-7sum/data.json","dde9fec9-ef59-ca07-608a-98c8cfdf47e3":"/resources/mit18_06scf11_ses2-9prob/data.json","de821877-18bb-d4b4-3a79-3fbef14b79db":"/resources/tx_voosnhm8-2/data.json","de85b982-7bdd-80ec-2c78-47d7ce209c8c":"/resources/mit18_06scf11_r01/data.json","df093ac7-c42d-8cf3-3aeb-2ba906d4fedc":"/pages/instructor-insights/data.json","df64ab00-2cee-82ad-12f5-75eed72fbd66":"/resources/pz3zyuo2gpm-2/data.json","dfc6aac3-60a7-5d7a-b0e8-e5354106fec0":"/resources/2idtqgm6kwu-4/data.json","dfe25c7f-5e38-dbd4-a19c-081f05fc9ae0":"/resources/exam_2_review/data.json","e004880d-8554-0947-99e4-c0945f2c5fa8":"/resources/srxexlishgy-1/data.json","e0b3bc76-b4a7-56e6-bfbd-a226c878ca71":"/resources/8o5cmfpeo6g-4/data.json","e1f95956-9203-8807-0717-33916a514cbd":"/resources/mit18_06scf11_ses2-4sol/data.json","e2136ac9-88bc-be38-c337-92dc63ea1f66":"/resources/rmv2rdiotsi-2/data.json","e2725926-adcf-e1b2-f01a-9a1231134bfe":"/resources/lecture-20-cramers-rule-inverse-matrix-and-volume/data.json","e273c4cb-310e-8586-7b82-932c120aa25a":"/resources/884c52175f0f_mit_18-06sc_7ebf60274ee36570-_79cb_2011-3/data.json","e2967d7d-d97a-c5e8-15af-3ac9099d1392":"/resources/-ea2d_ricna-2/data.json","e31bf52b-153e-1e15-618b-5925aa313c1c":"/resources/lu-decomposition-1/data.json","e3443d18-a999-556e-bbbc-53551145b883":"/resources/tx_voosnhm8-4/data.json","e3e415ee-803c-81a6-4ef7-23f3fef45e09":"/resources/kuuxdk_v7to/data.json","e40658b5-c769-6793-780f-1fa8e07ac8e7":"/resources/problem-solving-properties-of-determinants/data.json","e4114d48-87ab-527a-b79f-3d4f0f88e921":"/resources/osh80ycg_gm-4/data.json","e451ffac-351d-687a-8b19-3c0159c4b2a7":"/pages/ax-b-and-the-four-subspaces/exam-1-review/data.json","e46f1dae-0d13-84f7-391d-a76db49ba0d4":"/resources/recitation-elimination-with-matrices-1/data.json","e47db3c0-da4e-50b3-91b4-f8e469a45169":"/resources/2idtqgm6kwu-5/data.json","e48cdbd1-2025-cad3-a616-00319f38f19e":"/resources/3cmyj8ekfgo-1/data.json","e4c83d4e-cccf-6b84-2cd3-26d377fafb10":"/resources/zwxhmbcdvfs-3/data.json","e5130609-59a8-6c73-afe0-5a92e03f907a":"/resources/lecture-21-eigenvalues-and-eigenvectors-1/data.json","e51c8ed0-2239-a920-bc13-919fbde2a28e":"/resources/2idtqgm6kwu-3/data.json","e5587d68-eacb-c322-b7c0-359fc6883dd9":"/resources/an-interview-with-gilbert-strang-on-teaching-linear-algebra/data.json","e55ee864-50e5-eeff-8c33-1750e8d46448":"/resources/cdznhqjju4i-1/data.json","e56d16d4-a249-bf6b-ce7c-bf6fe96a0778":"/resources/7b2c4e8c6b2180038bd54f8b9898/data.json","e571cafc-ac53-8c7d-d88d-21c0dc7084bb":"/resources/7ebf60274ee36570768451e04f558868793a-1/data.json","e5865225-28a6-9a74-d8d4-00ebc2c292a5":"/resources/mmwqgd4urso/data.json","e5d1ab68-2948-afa1-b932-bd3e2e618942":"/resources/tx_voosnhm8/data.json","e607212b-d874-4684-c99d-a2d595635010":"/resources/h0m2tsmspti-3/data.json","e63892dd-4902-faa7-7438-95cabff081fb":"/resources/2_1/data.json","e6a77f3f-a28c-540a-b8c2-abbade251da9":"/resources/qebi0k5wfos-5/data.json","e70c3934-dc61-23a0-2195-e95efe70cffa":"/resources/2udvruowbzg-1/data.json","e74ce06b-1d11-6100-1a18-0c18c9d5a060":"/resources/mmwqgd4urso-3/data.json","e798aa26-e0e4-e38b-dcd0-87805d8a530e":"/resources/problem-solving-change-of-basis-1/data.json","e8095a86-9710-5b98-9470-71752b206541":"/resources/my5w4mxwbew-5/data.json","e81db3a1-2706-5d5e-a2ce-9419ac77fce9":"/resources/tsdxjw83kya-5/data.json","e8776251-d7b3-c71d-9fc1-dc8f66a1b048":"/resources/jibvxbelkl0-1/data.json","e889536c-6f0c-51d4-9f8b-3106a0f6cf70":"/resources/jibvxbelkl0-5/data.json","e8ae27f7-1be5-54e3-ab80-50465f4f7ac9":"/resources/2udvruowbzg-4/data.json","e8aecf11-a8aa-85c6-31c9-a9c427093839":"/resources/linear-algebra-course-introduction/data.json","e90fdb55-4efc-c5eb-4c6c-fd9cad60a815":"/resources/3cmyj8ekfgo/data.json","e91f71c6-2ab0-5c48-b0bd-2b445170e649":"/resources/fx4c-jptfgy-4/data.json","e92ff9d2-c7ce-2853-5c7d-92c6c471361c":"/resources/884c52175f0f_mit_18-06sc_7ebf60274ee36570-_79cb_2011-2/data.json","e9e49c6a-ba80-b11d-7936-b0f1d8e83ee3":"/resources/h9adgvw59tu-1/data.json","e9f8e448-838a-42ea-9a9e-5dd9ab6628b8":"/resources/my5w4mxwbew-3/data.json","ea19ebb0-b8fe-89f7-4aa0-1b5876da5b66":"/resources/1_12/data.json","ea557f2f-f460-5f13-b857-c2aff8866c54":"/resources/qvkj3ladcna-4/data.json","ea612f8e-d4ea-6754-2e0f-6c9268fa1792":"/resources/0mtwqhiwdri-2/data.json","ea9714a9-2a64-d793-7b3c-ccacb931ca63":"/resources/osh80ycg_gm-3/data.json","eabc46e8-20c8-5402-893b-ef35ca004ab0":"/resources/qqpvglf_1qo-4/data.json","eb17c695-3ec5-a46b-0def-12e89322e40a":"/resources/884c52175f0f/data.json","ebbf9697-dc8d-d2c5-dcb4-6065c13f9876":"/resources/qebi0k5wfos-1/data.json","ebf27cc8-b4bc-af3d-8678-bc5159f59d3e":"/resources/b17h10ef59g-1/data.json","ec0216b8-40a3-d002-7620-1e9b320d4f22":"/resources/martina_photo/data.json","ec4826e9-f2e9-0f43-ed90-ad4cc0aef7b0":"/resources/0mtwqhiwdri/data.json","ecd40b5c-89e0-3d94-83b1-a25656487d63":"/resources/18-06scf11-th/data.json","edaea805-267a-c1a3-9a73-e8d7f348edba":"/pages/ax-b-and-the-four-subspaces/matrix-spaces-rank-1-small-world-graphs/data.json","ee7eef71-cdb9-f25c-be13-2735a0ee3a4e":"/resources/go2alo7zolu-3/data.json","ee886403-2dd8-29b4-83a2-ae7dfeb2da55":"/pages/ax-b-and-the-four-subspaces/the-geometry-of-linear-equations/data.json","ef0f6d20-2135-5c5e-b4a6-9dfec8979288":"/resources/wuyaewe3iim-4/data.json","ef103f02-e9ba-de87-2b21-acf302841dab":"/resources/hequn0qelsq-3/data.json","ef47fdd7-0952-bd98-1a88-3c20138e03c4":"/resources/go2alo7zolu-1/data.json","f0576b8d-51ce-5f46-abe6-b64890c1c749":"/resources/l88d4r74gtm-4/data.json","f088e466-f64b-a55e-e273-1afc8e4760e2":"/resources/1_10/data.json","f0931a37-68f4-b043-970b-e18650568e41":"/resources/amqcoopbutk-3/data.json","f0d89b0e-5353-e12f-c448-47b6e56ba770":"/resources/problem-solving-orthogonal-vectors-and-subspaces/data.json","f14d1825-9611-b527-55ac-5779719ed1b7":"/resources/lecture-26-complex-matrices-fast-fourier-transform-fft-1/data.json","f1a20cc7-6694-35af-6cca-f7cfe5d4fe38":"/resources/4e097ef47a7a95f476845b507a7a95f4_mit_18-06sc_7ebf60274ee36570-_79cb_2011-2/data.json","f203b1eb-f66c-210c-62e5-730a4b9f9f6d":"/resources/mit18_06scf11_ses1-11sol/data.json","f221beef-7af7-3551-7591-dbeb40db3f30":"/resources/qnpj-goxw9m-2/data.json","f29ba440-690b-f171-f209-c6fd9ba253d6":"/resources/quzl5ikpo_u-1/data.json","f3a1135f-0ea9-6db3-73ef-141535eee996":"/resources/2_2/data.json","f3fc5656-d0b3-b1b6-541f-6039f5e6c97f":"/resources/6-wh6yvk6uc/data.json","f4203b27-ebfb-5efd-8afa-10204ee44ac6":"/resources/yzzuiyrce38-4/data.json","f4413747-eac7-47af-4085-6ef3e3f24d4e":"/resources/13r9qy6cmjc-3/data.json","f4986e82-13a7-cf7c-ebaa-aba5fa7882f0":"/pages/ax-b-and-the-four-subspaces/independence-basis-and-dimension/data.json","f4ae8cc2-b4f3-6574-983d-d4c313f106eb":"/resources/mit18_06scf11_ses1-6sol/data.json","f4ef0801-4cd2-8a1c-aaa5-a4e65da86377":"/resources/0objn8f616u-2/data.json","f511d209-9615-9f32-1b67-04f5b2070e04":"/resources/mit18_06scf11_ses1-1prob/data.json","f5191014-d23e-5202-a52e-c90a52423685":"/resources/0mtwqhiwdri-5/data.json","f58143ab-ab97-9b90-3334-9b9d8dab5c5f":"/resources/cdznhqjju4i/data.json","f5a74578-196a-8afc-2fd2-ba8581acb17f":"/resources/mit18_06scf11_ses1-8sum/data.json","f5bb225d-fb81-51ef-b334-9a55414aa62b":"/resources/ucc9q_cahho-5/data.json","f5c6f676-32a0-d7e7-bcdf-bc97569b662f":"/pages/ax-b-and-the-four-subspaces/exam-1/data.json","f6e46da0-d783-d8f9-c0a2-5c407c76166a":"/resources/mit18_06scf11_ses2-7sum/data.json","f6e781f0-de7c-94d0-b9ce-c28358af07e2":"/resources/problem-solving-determinants-and-volume/data.json","f706f42a-a66f-04bd-16c7-e58f1672cb50":"/resources/884c52175f0f_mit_18-06sc_7ebf60274ee36570-_79cb_2011-1/data.json","f73f557e-9c2d-8095-d837-ad3649a4b561":"/resources/hsrchtafkje-3/data.json","f784f998-1cd6-157d-6c80-4e854abd09f5":"/resources/problem-solving-determinants-and-volumecomputing-the-singular-value-decomposition/data.json","f82e9158-2f94-8aba-01ba-abd5502c6e99":"/resources/exam-3-problem-solving/data.json","f88df328-1099-e7dd-7f36-8050f36244ee":"/resources/0objn8f616u-3/data.json","f893ffed-3564-39cd-4b5c-9dee6106d39a":"/resources/exam_1_review/data.json","f8cf1179-43d2-4aa5-6511-2bf19a885993":"/resources/lecture-15-projections-onto-subspaces-1/data.json","f8d7b245-2e7d-3cfd-273c-771a2e623e34":"/resources/problem-solving-change-of-basis/data.json","f90dceb9-a6b4-958e-c321-57474a45eda5":"/resources/qqpvglf_1qo-1/data.json","f9354bd8-5c6f-923d-33f8-e8129e30c094":"/resources/zwxhmbcdvfs-1/data.json","f93dab3c-217f-4438-78a3-6a6868d3cbbf":"/resources/tx_voosnhm8-3/data.json","f985deb5-6d61-8a96-78ea-d99e50fb0ccc":"/resources/ts3o2i8_mxc/data.json","f9e395c5-03e5-a354-9dd7-c4959cac95d8":"/resources/mmwqgd4urso-2/data.json","fa0442e4-314d-1854-2e98-709b0bd8e2f1":"/resources/-ea2d_ricna/data.json","fa3c11fb-5b8d-c2d1-967c-4db65eb6c618":"/resources/amlektjr5_u/data.json","faedf63c-3bdc-84f2-e5ad-455b6295d011":"/resources/problem-solving-similar-matrices-1/data.json","fb148804-0869-b7b3-359e-17ebcb3139e3":"/resources/qnpj-goxw9m-1/data.json","fb51b340-5702-6731-6fcc-14d0d3a07777":"/resources/hsrchtafkje-1/data.json","fb56b12f-590c-759f-edb0-ab5b876d296a":"/resources/wuyaewe3iim-2/data.json","fb703291-7aec-525c-bc20-21aa6ddab43d":"/resources/izqwi0wjovm-5/data.json","fc103bb9-6688-b9ef-e915-47400d31f392":"/resources/wuyaewe3iim/data.json","fd19a4fb-7673-7e6b-4e08-4d1ddbe4a79f":"/resources/lpny5qvju5w-2/data.json","fd8c8a4d-fa1b-e88c-ec23-abef203fca2a":"/pages/least-squares-determinants-and-eigenvalues/orthogonal-vectors-and-subspaces/data.json","fda8b54a-cc7c-4cc7-d39e-5eac76aec9eb":"/resources/lecture-16-projection-matrices-and-least-squares-1/data.json","fdce42d9-c8d8-dc4e-ac7a-9db3c1978e18":"/resources/mit18_06scf11_ses2-1sum/data.json","fdeb589c-9d29-a1f6-0e30-6667dd886dba":"/resources/mit18_06scf11_ses3-3prob/data.json","fdeb997f-51bf-095e-7dd2-7572c2eb5c3f":"/resources/cdznhqjju4i-2/data.json","fe80c905-60e9-0865-eea6-4d6cec42aab8":"/resources/lecture-22-diagonalization-and-powers-of-a-1/data.json","febb7eb1-3ff9-7fca-8cd0-e4fc09f3658c":"/resources/final_exam/data.json","fec5dff8-f786-67ba-0f9e-e801f434d996":"/resources/lecture-21-eigenvalues-and-eigenvectors/data.json","feea1553-8103-5a87-26a9-108c65f6490f":"/resources/vys9eyz3gco/data.json","ff179aa0-c64a-58b0-808f-d421adf42e17":"/resources/rwvi4vx4cdc-2/data.json","ff6a5ab8-d3d5-5571-ae22-7c6ecfcbab26":"/resources/mveuzzjdd1w-4/data.json","ff755187-ef48-26e2-abaf-b9c76026cfdb":"/pages/ax-b-and-the-four-subspaces/an-overview-of-key-ideas/data.json"}