{
  "title":"Lecture 20: Cramer's Rule, Inverse Matrix and Volume",
  "description": "",
  "file": null,
  "learning_resource_types": [],
  "resource_type": "Video",
  "file_type": null,
  "youtube_key":  "QNpj-gOXW9M",
  "captions_file": "/courses/18-06sc-linear-algebra-fall-2011/6ca21e0d5d5853159f0a062deea4f9ec_QNpj-gOXW9M.vtt",
  "transcript_file": "/courses/18-06sc-linear-algebra-fall-2011/fb1488040869b7b3359e17ebcb3139e3_QNpj-gOXW9M.pdf",
  "thumbnail_file": "https://img.youtube.com/vi/QNpj-gOXW9M/default.jpg",
  "archive_url": "http://www.archive.org/download/MIT18.06S05_MP4/20.mp4"}
