{
  "title":"Geometry of Linear Algebra",
  "description": "",
  "file": null,
  "learning_resource_types": [],
  "resource_type": "Video",
  "file_type": null,
  "youtube_key":  "My5w4MXWBew",
  "captions_file": "/courses/18-06sc-linear-algebra-fall-2011/bc9bd9faef505b8e830a29ac7034ef92_My5w4MXWBew.vtt",
  "transcript_file": "/courses/18-06sc-linear-algebra-fall-2011/da7edc26bc12b2aca08bbeff1dc2f25f_My5w4MXWBew.pdf",
  "thumbnail_file": "https://img.youtube.com/vi/My5w4MXWBew/default.jpg",
  "archive_url": "http://www.archive.org/download/MIT18.06SCF11/MIT18_06SC_110609_L2_300k.mp4"}
