{
  "title":"Lecture 27: Positive Definite Matrices and Minima",
  "description": "",
  "file": null,
  "learning_resource_types": [],
  "resource_type": "Video",
  "file_type": null,
  "youtube_key":  "vF7eyJ2g3kU",
  "captions_file": "/courses/18-06sc-linear-algebra-fall-2011/c18abbf25e3859b98621016feb9043c0_vF7eyJ2g3kU.vtt",
  "transcript_file": "/courses/18-06sc-linear-algebra-fall-2011/91bc2a7ba124f1c84236e056732a8d89_vF7eyJ2g3kU.pdf",
  "thumbnail_file": "https://img.youtube.com/vi/vF7eyJ2g3kU/default.jpg",
  "archive_url": "http://www.archive.org/download/MIT18.06S05_MP4/27.mp4"}
