{
  "title":"Problem Solving: Determinants and Volume",
  "description": "",
  "file": null,
  "learning_resource_types": [],
  "resource_type": "Video",
  "file_type": null,
  "youtube_key":  "qEBi0K5wfOs",
  "captions_file": "/courses/18-06sc-linear-algebra-fall-2011/e6a77f3fa28c540ab8c2abbade251da9_qEBi0K5wfOs.vtt",
  "transcript_file": "/courses/18-06sc-linear-algebra-fall-2011/6f7a3bc7c3fea17e79e5288c7cc743cc_qEBi0K5wfOs.pdf",
  "thumbnail_file": "https://img.youtube.com/vi/qEBi0K5wfOs/default.jpg",
  "archive_url": "http://www.archive.org/download/MIT18.06SCF11/MIT18_06SC_110609_L4_300k.mp4"}
