{
  "title":"Inverse Matrices",
  "description": "",
  "file": null,
  "learning_resource_types": [],
  "resource_type": "Video",
  "file_type": null,
  "youtube_key":  "zWxhmBCdvFs",
  "captions_file": "/courses/18-06sc-linear-algebra-fall-2011/a551d5c30fd056f88a0ce84042e9c7f4_zWxhmBCdvFs.vtt",
  "transcript_file": "/courses/18-06sc-linear-algebra-fall-2011/e4c83d4ecccf6b842cd326d377fafb10_zWxhmBCdvFs.pdf",
  "thumbnail_file": "https://img.youtube.com/vi/zWxhmBCdvFs/default.jpg",
  "archive_url": "http://www.archive.org/download/MIT18.06SCF11/MIT18_06SC_110526_A1_300k.mp4"}
