{
  "title":"Exam 2 Review",
  "description": "",
  "file": null,
  "learning_resource_types": [],
  "resource_type": "Video",
  "file_type": null,
  "youtube_key":  "QuZL5IKpO_U",
  "captions_file": "/courses/18-06sc-linear-algebra-fall-2011/9e725ec6656b5f948ea17835e660b4fb_QuZL5IKpO_U.vtt",
  "transcript_file": "/courses/18-06sc-linear-algebra-fall-2011/381bdf1643a2ab77296c72bc7f0745c9_QuZL5IKpO_U.pdf",
  "thumbnail_file": "https://img.youtube.com/vi/QuZL5IKpO_U/default.jpg",
  "archive_url": "http://www.archive.org/download/MIT18.06S05_MP4/24b.mp4"}
