{
  "title":"Problem Solving: Gram-Schmidt Orthogonalization",
  "description": "",
  "file": null,
  "learning_resource_types": [],
  "resource_type": "Video",
  "file_type": null,
  "youtube_key":  "HEQuN0QELSQ",
  "captions_file": "/courses/18-06sc-linear-algebra-fall-2011/d34aa6965bfa5047afe50f81ea583982_HEQuN0QELSQ.vtt",
  "transcript_file": "/courses/18-06sc-linear-algebra-fall-2011/ef103f02e9bade872b21acf302841dab_HEQuN0QELSQ.pdf",
  "thumbnail_file": "https://img.youtube.com/vi/HEQuN0QELSQ/default.jpg",
  "archive_url": "http://www.archive.org/download/MIT18.06SCF11/MIT18_06SC_110609_A1_300k.mp4"}
