{
  "title":"Lecture 18: Properties of Determinants",
  "description": "",
  "file": null,
  "learning_resource_types": [],
  "resource_type": "Video",
  "file_type": null,
  "youtube_key":  "srxexLishgY",
  "captions_file": "/courses/18-06sc-linear-algebra-fall-2011/be2b1576e95e561aa993d17aafd2df4c_srxexLishgY.vtt",
  "transcript_file": "/courses/18-06sc-linear-algebra-fall-2011/a0868deb1ff458a02e5d65259ef0f4c4_srxexLishgY.pdf",
  "thumbnail_file": "https://img.youtube.com/vi/srxexLishgY/default.jpg",
  "archive_url": "http://www.archive.org/download/MIT18.06S05_MP4/18.mp4"}
