{
  "title":"Matrix Spaces; Rank 1; Small World Graphs",
  "description": "",
  "file": null,
  "learning_resource_types": [],
  "resource_type": "Video",
  "file_type": null,
  "youtube_key":  "2IdtqGM6KWU",
  "captions_file": "/courses/18-06sc-linear-algebra-fall-2011/e47db3c0da4e50b391b4f8e469a45169_2IdtqGM6KWU.vtt",
  "transcript_file": "/courses/18-06sc-linear-algebra-fall-2011/e51c8ed02239a920bc13919fbde2a28e_2IdtqGM6KWU.pdf",
  "thumbnail_file": "https://img.youtube.com/vi/2IdtqGM6KWU/default.jpg",
  "archive_url": "http://www.archive.org/download/MIT18.06S05_MP4/11.mp4"}
