{
  "title":"Lecture 29: Singular Value Decomposition",
  "description": "",
  "file": null,
  "learning_resource_types": [],
  "resource_type": "Video",
  "file_type": null,
  "youtube_key":  "TX_vooSnhm8",
  "captions_file": "/courses/18-06sc-linear-algebra-fall-2011/1cb8c5fd4c665bb296a844aeaba5a259_TX_vooSnhm8.vtt",
  "transcript_file": "/courses/18-06sc-linear-algebra-fall-2011/f93dab3c217f443878a36a6868d3cbbf_TX_vooSnhm8.pdf",
  "thumbnail_file": "https://img.youtube.com/vi/TX_vooSnhm8/default.jpg",
  "archive_url": "http://www.archive.org/download/MIT18.06S05_MP4/29.mp4"}
